lp58,lp5C,lpE8,lpEC,序号,固定编号,武将,容貌,旗编号,军团,都市,所在,性别,统率,武力,智力,政治,魅力,五围和,登场,身份,名声,功绩,忠诚,登场年,出生年,死亡年,仕官,血缘,父亲,母亲,配偶,义兄弟,仇敌,势力相性,个人相性,死因,义理,起用,汉室,饮酒,喜好,物欲,性格,战略倾向,任务态度,所在设施,伤病,无法登庸,预定登场君主,禁止仕官君主,禁止仕官期间,内通势力,内通期限,亲密,认识,袭击经验
0,0,0,0,0,127,阿会喃,127,阿,,建宁,建宁,男,62,74,26,32,41,235,未登场,,60,0,0,217,190,225,0,阿会喃,,,,,,62,85,其它,普通,任意,无视,擅长,收集,强欲,莽撞,州统一,适当,宫城,健康,×,,,0,,0,0,×,×
0,0,0,0,1,505,韦昭,505,韦,,吴,吴,男,18,20,68,73,68,247,未登场,,160,0,0,223,204,273,0,韦昭,,,,,,131,10,其它,重视,实绩,普通,不擅,读书,无欲,刚胆,现状维持,努力,宫城,健康,×,,,0,,0,0,×,×
0,0,0,0,2,31,伊籍,31,伊,,濮阳,濮阳,男,31,23,75,85,86,300,未登场,,140,0,0,189,162,226,0,伊籍,,,,,,77,35,病死,重视,义理,重视,普通,读书,无欲,冷静,州统一,努力,宫城,健康,×,,,0,,0,0,×,×
0,0,0,0,3,300,尹赏,300,尹,,天水,天水,男,49,46,57,68,53,273,未登场,,140,0,0,213,194,260,0,尹赏,,,,,,72,18,病死,普通,任意,普通,普通,收集,普通,冷静,州统一,普通,宫城,健康,×,,,0,,0,0,×,×
0,0,0,0,4,301,尹大目,301,尹,,邺,邺,男,6,10,37,50,56,159,未登场,,160,0,0,230,211,270,0,尹大目,,,,,,38,21,病死,普通,义理,普通,不擅,收集,无欲,慎重,州统一,普通,宫城,健康,×,,,0,,0,0,×,×
0,0,0,0,5,243,尹默,243,尹,,梓潼,梓潼,男,11,15,65,77,62,230,未登场,,160,0,0,215,183,239,0,尹默,,,,,,80,114,病死,普通,名声,重视,不擅,读书,无欲,慎重,现状维持,努力,宫城,健康,×,,,0,,0,0,×,×
0,0,0,0,6,76,于禁,76,于,,濮阳,濮阳,男,85,77,72,63,47,344,未发现,在野,180,0,0,184,159,221,0,于禁,,,,,,22,30,病死,普通,实绩,普通,普通,武艺,普通,冷静,中华统一,努力,酒家,健康,×,,,0,,0,0,×,×
0,0,0,0,7,211,于诠,211,于,,吴,吴,男,65,76,42,37,68,288,未登场,,100,0,0,223,204,258,0,于诠,,,,,,126,24,其它,重视,实绩,普通,普通,武艺,无欲,莽撞,地方统一,适当,宫城,健康,×,,,0,,0,0,×,×
0,0,0,0,8,598,卫,598,卫,,河内,河内,男,69,45,81,78,37,310,未登场,,400,0,0,239,220,291,0,卫,,,,,,31,102,病死,普通,能力,无视,普通,收集,强欲,慎重,地方统一,努力,宫城,健康,×,,,0,,0,0,×,×
0,0,0,0,9,488,袁遗,488,袁,何进,陈留,陈留,男,57,38,73,76,69,313,已登场,一般,500,13000,96,184,150,193,169,袁绍,2015,,,,,95,142,病死,重视,名声,重视,普通,读书,无欲,刚胆,中华统一,努力,工房,健康,×,,,0,,0,0,×,×
0,0,0,0,10,169,袁胤,169,袁,,汝南,汝南,男,26,15,39,45,43,168,未发现,在野,300,0,0,184,163,199,0,袁绍,,,,,,140,104,其它,普通,名声,无视,不擅,收集,无欲,慎重,现状维持,普通,驻所,健康,×,,,0,,0,0,×,×
0,0,0,0,11,302,阎宇,302,阎,,江陵,江陵,男,59,64,60,56,20,259,未登场,,80,0,0,228,209,264,0,阎宇,,,,,,50,102,病死,轻视,名声,普通,擅长,收集,强欲,慎重,州统一,适当,宫城,健康,×,,,0,,0,0,×,×
0,0,0,0,12,33,袁熙,33,袁,,汝南,汝南,男,69,54,68,70,66,327,未登场,,400,0,0,190,176,207,0,袁绍,袁绍,,,,,101,2,其它,普通,名声,普通,不擅,读书,无欲,慎重,地方统一,适当,宫城,健康,×,,,0,,0,0,×,×
0,0,0,0,13,686,阎行,686,阎,韩遂,西平,西平,男,70,86,38,33,50,277,已登场,一般,160,1000,90,184,159,222,184,韩遂,,,,,,36,81,病死,轻视,能力,无视,擅长,武艺,普通,刚胆,地方统一,适当,城墙,健康,×,,,0,,0,0,×,×
0,0,0,0,14,491,阎柔,491,阎,,北平,北平,男,74,50,70,73,80,347,未登场,,220,0,0,189,168,227,0,阎柔,,,,,,40,140,病死,普通,实绩,普通,普通,武艺,普通,刚胆,地方统一,普通,宫城,健康,×,,,0,,0,0,×,×
0,0,0,0,15,32,袁术,32,袁,何进,洛阳,洛阳,男,52,66,72,17,44,251,已登场,一般,560,10000,95,184,155,199,174,袁绍,2015,,,,,140,103,其它,轻视,名声,无视,擅长,收集,强欲,慎重,中华统一,无视,农地,健康,×,,,0,,0,0,×,×
0,0,0,0,16,34,袁尚,34,袁,,汝南,汝南,男,66,70,50,44,79,309,未登场,,400,0,0,193,179,207,0,袁绍,袁绍,,,,,101,6,其它,普通,名声,无视,擅长,武艺,强欲,莽撞,中华统一,普通,宫城,健康,×,,,0,,0,0,×,×
0,0,0,0,17,5,袁绍,5,袁,何进,洛阳,洛阳,男,80,69,76,77,91,393,已登场,一般,600,11000,98,184,154,202,173,袁绍,,,,,,101,20,病死,普通,实绩,普通,擅长,收集,普通,刚胆,中华统一,努力,工房,健康,×,,,0,,0,0,×,×
0,0,0,0,18,518,阎象,518,阎,,宛,宛,男,29,27,69,74,62,261,未登场,,220,0,0,187,158,199,0,阎象,,,,,,136,117,病死,重视,实绩,重视,普通,读书,普通,冷静,现状维持,努力,宫城,健康,×,,,0,,0,0,×,×
0,0,0,0,19,35,袁谭,35,袁,,汝南,汝南,男,62,68,30,40,57,257,未登场,,400,0,0,187,173,205,0,袁绍,袁绍,,,,,86,54,其它,轻视,实绩,普通,普通,收集,强欲,莽撞,中华统一,努力,宫城,健康,×,,,0,,0,0,×,×
0,0,0,0,20,170,阎圃,170,阎,,汉中,汉中,男,31,28,82,78,69,288,未登场,,160,0,0,187,163,231,0,阎圃,,,,,,18,11,病死,普通,实绩,普通,不擅,读书,普通,冷静,州统一,普通,宫城,健康,×,,,0,,0,0,×,×
0,0,0,0,21,489,袁d,489,袁,,汝南,汝南,男,44,42,45,50,59,240,未登场,,280,0,0,191,177,206,0,袁绍,袁术,,,,,138,103,病死,普通,名声,无视,普通,读书,普通,慎重,地方统一,普通,宫城,健康,×,,,0,,0,0,×,×
0,0,0,0,22,460,王威,460,王,,襄阳,襄阳,男,61,65,60,54,64,304,未登场,,140,0,0,192,163,208,0,王威,,,,,,45,109,病死,重视,能力,普通,普通,武艺,普通,莽撞,地方统一,适当,宫城,健康,×,,,0,,0,0,×,×
0,0,0,0,23,171,王允,171,王,何进,洛阳,洛阳,男,27,5,73,78,77,260,已登场,一般,600,50000,99,184,137,192,156,王允,,,,,,92,88,病死,重视,名声,重视,擅长,读书,强欲,慎重,中华统一,努力,工房,健康,×,,,0,,0,0,×,×
0,0,0,0,24,204,王基,204,王,,北海,北海,男,78,75,74,76,75,378,未登场,,240,0,0,219,190,261,0,王基,,,,,,30,125,病死,普通,能力,普通,普通,武艺,无欲,刚胆,中华统一,努力,宫城,健康,×,,,0,,0,0,×,×
0,0,0,0,25,56,王颀,56,王,,北海,北海,男,70,66,63,76,73,348,未登场,,200,0,0,236,217,281,0,王颀,,,,,,21,64,病死,普通,实绩,普通,普通,武艺,普通,刚胆,中华统一,普通,宫城,健康,×,,,0,,0,0,×,×
0,0,0,0,26,519,王匡,519,王,何进,河内,河内,男,64,57,64,67,79,331,已登场,一般,340,0,91,184,150,190,184,王匡,,,,,,97,42,病死,重视,任意,重视,普通,收集,普通,刚胆,州统一,普通,酒家,健康,×,,,0,,0,0,×,×
0,0,0,0,27,128,王业,128,王,,武陵,武陵,男,32,6,46,72,50,206,未登场,,300,0,0,239,220,280,0,王粲,,,,,,33,125,病死,轻视,名声,普通,普通,收集,普通,冷静,现状维持,普通,宫城,健康,×,,,0,,0,0,×,×
0,0,0,0,28,303,王经,303,王,,平原,平原,男,64,62,67,75,77,345,未登场,,140,0,0,225,206,260,0,王经,,,,,,20,51,其它,义士,义理,普通,普通,读书,普通,刚胆,州统一,普通,宫城,健康,×,,,0,,0,0,×,×
0,0,0,0,29,304,王伉,304,王,,成都,成都,男,69,58,53,69,61,310,未登场,,80,0,0,215,184,254,0,王伉,,,,,,71,74,其它,重视,能力,普通,普通,收集,普通,刚胆,州统一,努力,宫城,健康,×,,,0,,0,0,×,×
0,0,0,0,30,305,王浑,305,王,,晋阳,晋阳,男,75,77,72,74,70,368,未登场,,400,0,0,240,223,297,0,王昶,王昶,,,,,33,124,病死,普通,能力,普通,普通,武艺,普通,冷静,地方统一,普通,宫城,健康,×,,,0,,0,0,×,×
0,0,0,0,31,151,王粲,151,王,,濮阳,濮阳,男,6,4,82,84,57,233,未登场,,400,0,0,193,177,217,0,王粲,,,,,,30,19,病死,普通,名声,重视,不擅,读书,无欲,慎重,现状维持,适当,宫城,健康,×,,,0,,0,0,×,×
0,0,0,0,32,306,王修,306,王,,北海,北海,男,53,27,76,78,65,299,未登场,,300,0,0,187,168,218,0,王修,,,,,,86,111,病死,重视,义理,重视,不擅,读书,普通,刚胆,州统一,努力,宫城,健康,×,,,0,,0,0,×,×
0,0,0,0,33,307,王戎,307,王,,小沛,小沛,男,60,36,72,56,48,272,未登场,,400,0,0,253,234,305,0,王戎,,,,,,40,14,病死,普通,名声,普通,普通,读书,普通,冷静,现状维持,适当,宫城,健康,×,,,0,,0,0,×,×
0,0,0,0,34,600,王肃,600,王,,下邳,下邳,男,35,21,80,78,76,290,未登场,,400,0,0,209,195,256,0,王朗,王朗,,,,,34,118,病死,普通,名声,普通,普通,读书,普通,冷静,地方统一,普通,宫城,健康,×,,,0,,0,0,×,×
0,0,0,0,35,150,王F,150,王,,洛阳,洛阳,男,81,71,79,70,78,379,未登场,,200,0,0,225,206,285,0,王F,,,,,,32,123,病死,普通,能力,普通,擅长,武艺,强欲,刚胆,中华统一,普通,宫城,健康,×,,,0,,0,0,×,×
0,0,0,0,36,129,王祥,129,王,,小沛,小沛,男,25,19,65,76,84,269,未登场,,180,0,0,203,180,268,0,王戎,,,,,,32,122,病死,重视,任意,普通,不擅,收集,无欲,冷静,州统一,普通,宫城,健康,×,,,0,,0,0,×,×
0,0,0,0,37,687,区星,687,区,,长沙,长沙,男,56,71,31,29,40,227,已登场,在野,60,0,0,184,157,187,0,区星,,,,,,12,90,其它,无视,任意,无视,普通,收集,强欲,莽撞,地方统一,无视,市场,健康,×,,,0,,0,0,×,×
0,0,0,0,38,205,王双,205,王,,天水,天水,男,61,89,18,20,24,212,未登场,,80,0,0,219,195,228,0,王双,,,,,,26,135,其它,普通,能力,普通,擅长,武艺,普通,莽撞,地方统一,适当,宫城,健康,×,,,0,,0,0,×,×
0,0,0,0,39,543,王忠,543,王,,濮阳,濮阳,男,42,58,21,29,20,170,未登场,,40,0,0,186,152,214,0,王忠,,,,,,35,68,病死,轻视,任意,普通,普通,收集,强欲,慎重,现状维持,适当,宫城,健康,×,,,0,,0,0,×,×
0,0,0,0,40,308,王昶,308,王,,晋阳,晋阳,男,75,61,70,83,78,367,未登场,,400,0,0,207,188,259,0,王昶,,,,,,33,124,病死,普通,实绩,普通,普通,武艺,普通,冷静,现状维持,适当,宫城,健康,×,,,0,,0,0,×,×
0,0,0,0,41,131,王韬,131,王,,天水,天水,男,48,44,70,54,60,276,未登场,,200,0,0,229,210,269,0,王韬,,,,,,32,126,病死,普通,能力,普通,普通,读书,普通,冷静,州统一,普通,宫城,健康,×,,,0,,0,0,×,×
0,0,0,0,42,618,王,618,王,,建业,建业,男,60,65,41,62,53,281,未登场,,160,0,0,217,198,256,0,王,,,,,,123,15,其它,普通,能力,普通,普通,收集,无欲,刚胆,州统一,适当,宫城,健康,×,,,0,,0,0,×,×
0,0,0,0,43,152,王平,152,王,,梓潼,梓潼,男,83,76,76,56,50,341,未登场,,80,0,0,216,192,248,0,王平,,,,,,69,69,病死,普通,实绩,重视,普通,武艺,无欲,冷静,地方统一,努力,宫城,健康,×,,,0,,0,0,×,×
0,0,0,0,44,309,王甫,309,王,,成都,成都,男,52,43,78,75,73,321,未登场,,100,0,0,190,171,219,0,王甫,,,,,,76,41,其它,义士,义理,重视,普通,武艺,无欲,冷静,州统一,努力,宫城,健康,×,,,0,,0,0,×,×
0,0,0,0,45,135,王门,135,王,,北平,北平,男,64,67,32,40,52,255,未登场,,120,0,0,186,162,205,0,王门,,,,,,63,63,病死,普通,实绩,普通,普通,收集,普通,莽撞,州统一,普通,宫城,健康,×,,,0,,0,0,×,×
0,0,0,0,46,620,王R,620,王,,晋阳,晋阳,男,73,60,71,84,75,363,未登场,,400,0,0,191,172,251,0,王允,,,,,,34,124,其它,普通,能力,普通,普通,收集,普通,刚胆,中华统一,普通,宫城,健康,×,,,0,,0,0,×,×
0,0,0,0,47,244,王累,244,王,,成都,成都,男,29,30,74,77,72,282,未登场,,200,0,0,192,173,211,0,王累,,,,,,57,109,其它,义士,实绩,普通,不擅,读书,无欲,刚胆,现状维持,努力,宫城,健康,×,,,0,,0,0,×,×
0,0,0,0,48,51,王朗,51,王,,北海,北海,男,46,34,76,81,49,286,未发现,在野,400,0,0,184,162,228,0,王朗,,,,,,34,117,其它,轻视,名声,无视,不擅,读书,普通,刚胆,中华统一,努力,城墙,健康,×,,,0,,0,0,×,×
0,0,0,0,49,688,於夫罗,688,於,,上党,上党,男,72,68,8,34,64,246,已登场,在野,160,0,0,184,150,195,0,於夫罗,2049,,,,,6,91,病死,轻视,能力,无视,擅长,收集,普通,莽撞,中华统一,普通,市场,健康,×,,,0,,0,0,×,×
0,0,0,0,50,689,温恢,689,温,,晋阳,晋阳,男,42,40,78,85,73,318,未登场,,140,0,0,197,178,222,0,温恢,,,,,,23,31,病死,重视,能力,普通,不擅,读书,无欲,冷静,现状维持,努力,宫城,健康,×,,,0,,0,0,×,×
0,0,0,0,51,492,何晏,492,何,,宛,宛,男,6,27,72,68,3,176,未登场,,160,0,0,209,190,249,0,何进,,,,,,36,28,其它,轻视,名声,普通,擅长,读书,强欲,慎重,现状维持,适当,宫城,健康,×,,,0,,0,0,×,×
0,0,0,0,52,40,蒯越,40,蒯,,襄阳,襄阳,男,49,33,84,87,71,324,未发现,在野,400,0,0,184,157,214,0,蒯良,2053,,,,,40,124,病死,普通,名声,重视,普通,读书,普通,刚胆,州统一,普通,城墙,健康,×,,,0,,0,0,×,×
0,0,0,0,53,41,蒯良,41,蒯,,襄阳,襄阳,男,69,37,88,82,66,342,未发现,在野,400,0,0,184,155,204,0,蒯良,2053,,,,,40,124,病死,普通,实绩,重视,普通,读书,普通,冷静,州统一,普通,城墙,健康,×,,,0,,0,0,×,×
0,0,0,0,54,596,贾华,596,贾,,庐江,庐江,男,50,66,40,29,53,238,未登场,,160,0,0,195,176,224,0,贾华,,,,,,123,15,病死,普通,任意,普通,普通,收集,普通,慎重,州统一,普通,宫城,健康,×,,,0,,0,0,×,×
0,0,0,0,55,467,华,467,华,,吴,吴,男,19,22,75,75,72,263,未登场,,160,0,0,236,217,278,0,华,,,,,,131,10,病死,重视,名声,普通,普通,读书,普通,冷静,州统一,适当,宫城,健康,×,,,0,,0,0,×,×
0,0,0,0,56,690,俄何烧戈,690,俄,,西平,西平,男,61,76,1,12,32,182,未登场,,60,0,0,223,204,253,0,俄何烧戈,,,,,,47,54,其它,普通,任意,无视,擅长,收集,强欲,莽撞,地方统一,适当,宫城,健康,×,,,0,,0,0,×,×
0,0,0,0,57,196,贾逵,196,贾,,洛阳,洛阳,男,75,62,80,86,78,381,未登场,,160,0,0,199,177,231,0,贾逵,,,,,,29,134,病死,普通,能力,普通,普通,读书,无欲,冷静,地方统一,努力,宫城,健康,×,,,0,,0,0,×,×
0,0,0,0,58,414,何仪,414,何,张梁,许昌,许昌,男,55,69,37,10,16,187,已登场,一般,80,18000,94,184,161,195,184,何仪,,,,,,7,89,其它,轻视,能力,无视,擅长,收集,强欲,莽撞,州统一,无视,市场,健康,×,,,0,,0,0,×,×
0,0,0,0,59,195,华歆,195,华,,平原,平原,男,11,35,84,80,8,218,已登场,在野,420,0,0,184,157,231,0,华歆,,,,,,10,117,病死,轻视,名声,无视,普通,读书,强欲,冷静,中华统一,努力,工房,健康,×,,,0,,0,0,×,×
0,0,0,0,60,42,贾诩,42,贾,,武威,武威,男,81,45,98,84,56,364,已登场,在野,120,0,0,184,147,223,0,贾诩,,,,,,20,84,病死,普通,能力,普通,普通,读书,无欲,冷静,中华统一,努力,野外,健康,×,,,0,,0,0,×,×
0,0,0,0,61,310,郭奕,310,郭,,许昌,许昌,男,19,23,75,74,28,219,未登场,,120,0,0,201,187,228,0,郭嘉,郭嘉,,,,,27,5,病死,普通,名声,无视,擅长,读书,强欲,冷静,现状维持,无视,宫城,健康,×,,,0,,0,0,×,×
0,0,0,0,62,43,郭嘉,43,郭,,许昌,许昌,男,52,12,97,82,80,323,未登场,,160,0,0,189,170,207,0,郭嘉,,,,,,25,25,病死,普通,能力,普通,擅长,读书,普通,冷静,中华统一,适当,宫城,健康,×,,,0,,0,0,×,×
0,0,0,0,63,480,鄂焕,480,鄂,,建宁,建宁,男,60,83,49,24,50,266,未登场,,40,0,0,220,196,251,0,鄂焕,,,,,,63,79,病死,轻视,任意,无视,擅长,武艺,强欲,莽撞,州统一,适当,宫城,健康,×,,,0,,0,0,×,×
0,0,0,0,64,236,郭汜,236,郭,董卓,天水,天水,男,66,76,18,11,13,184,已登场,一般,160,10000,99,184,146,197,177,郭汜,,,,,,1,98,其它,轻视,名声,无视,擅长,收集,强欲,莽撞,中华统一,适当,市场,健康,×,,,0,,0,0,×,×
0,0,0,0,65,140,乐就,140,乐,,宛,宛,男,56,68,58,39,52,273,未发现,在野,160,0,0,184,157,195,0,乐就,,,,,,138,82,其它,普通,任意,普通,擅长,收集,普通,刚胆,州统一,普通,城墙,健康,×,,,0,,0,0,×,×
0,0,0,0,66,311,霍峻,311,霍,,江陵,江陵,男,76,65,71,64,70,346,未登场,,180,0,0,197,178,217,0,霍峻,,,,,,67,23,病死,普通,实绩,重视,普通,武艺,普通,冷静,州统一,努力,宫城,健康,×,,,0,,0,0,×,×
0,0,0,0,67,77,郝昭,77,郝,,晋阳,晋阳,男,88,77,78,63,68,374,未登场,,80,0,0,204,185,229,0,郝昭,,,,,,22,130,病死,义士,能力,普通,不擅,武艺,无欲,冷静,地方统一,努力,宫城,健康,×,,,0,,0,0,×,×
0,0,0,0,68,78,乐进,78,乐,,濮阳,濮阳,男,80,85,53,45,70,333,未登场,,80,0,0,188,159,218,0,乐进,,,,,,23,18,病死,普通,实绩,普通,不擅,武艺,无欲,刚胆,中华统一,努力,宫城,健康,×,,,0,,0,0,×,×
0,0,0,0,69,320,乐D,320,乐,,濮阳,濮阳,男,72,75,41,49,57,294,未登场,,80,0,0,210,196,257,0,乐进,乐进,,,,,23,136,其它,普通,任意,普通,擅长,武艺,普通,莽撞,地方统一,普通,宫城,健康,×,,,0,,0,0,×,×
0,0,0,0,70,79,郭图,79,郭,,许昌,许昌,男,51,50,82,70,28,281,未发现,在野,260,0,0,184,155,205,0,郭图,,,,,,111,55,其它,轻视,名声,普通,普通,读书,强欲,慎重,中华统一,适当,城墙,健康,×,,,0,,0,0,×,×
0,0,0,0,71,143,郭马,143,郭,,交趾,交趾,男,68,71,49,30,50,268,未登场,,60,0,0,253,239,280,0,郭马,,,,,,132,69,病死,无视,任意,普通,擅长,武艺,强欲,莽撞,地方统一,无视,宫城,健康,×,,,0,,0,0,×,×
0,0,0,0,72,691,郝萌,691,乐,,河内,河内,男,57,66,41,35,33,232,未发现,在野,20,0,0,184,156,197,0,郝萌,,,,,,5,43,其它,轻视,任意,无视,擅长,收集,普通,莽撞,州统一,适当,驻所,健康,×,,,0,,0,0,×,×
0,0,0,0,73,248,郭攸之,248,郭,,宛,宛,男,15,10,60,74,60,219,未登场,,140,0,0,209,190,259,0,郭攸之,,,,,,80,4,病死,普通,名声,重视,不擅,读书,普通,慎重,现状维持,努力,宫城,健康,×,,,0,,0,0,×,×
0,0,0,0,74,312,霍弋,312,霍,,江陵,江陵,男,71,67,70,71,74,353,未登场,,140,0,0,221,207,270,0,霍峻,霍峻,,,,,67,44,病死,重视,义理,重视,不擅,武艺,无欲,刚胆,现状维持,努力,宫城,健康,×,,,0,,0,0,×,×
0,0,0,0,75,206,郭淮,206,郭,,晋阳,晋阳,男,86,77,82,75,78,398,未登场,,120,0,0,206,187,255,0,郭淮,,,,,,20,135,其它,普通,能力,普通,普通,武艺,无欲,冷静,地方统一,努力,宫城,健康,×,,,0,,0,0,×,×
0,0,0,0,76,238,夏侯威,238,夏,,陈留,陈留,男,71,70,51,58,64,314,未登场,,120,0,0,218,204,254,0,夏侯渊,夏侯渊,,,,,26,140,病死,普通,名声,普通,普通,武艺,普通,刚胆,中华统一,普通,宫城,健康,×,,,0,,0,0,×,×
0,0,0,0,77,6,夏侯渊,6,夏,,陈留,陈留,男,92,91,56,61,78,378,未发现,在野,160,0,0,184,162,219,0,夏侯渊,,,,,,25,25,其它,普通,实绩,普通,擅长,武艺,普通,刚胆,中华统一,适当,工房,健康,×,,,0,,0,0,×,×
0,0,0,0,78,313,夏侯恩,313,夏,,陈留,陈留,男,53,59,50,53,71,286,未登场,,120,0,0,194,180,208,0,夏侯渊,,,,,,25,25,其它,普通,名声,普通,普通,收集,无欲,慎重,地方统一,普通,宫城,健康,×,曹操,,0,,0,0,×,×
0,0,0,0,79,245,夏侯和,245,夏,,陈留,陈留,男,50,54,72,75,66,317,未登场,,120,0,0,221,207,265,0,夏侯渊,夏侯渊,,,,,26,145,病死,普通,任意,普通,普通,读书,普通,冷静,中华统一,普通,宫城,健康,×,,,0,,0,0,×,×
0,0,0,0,80,246,夏侯惠,246,夏,,陈留,陈留,男,53,51,75,73,69,321,未登场,,120,0,0,220,206,242,0,夏侯渊,夏侯渊,,,,,26,47,病死,普通,任意,普通,普通,读书,普通,冷静,中华统一,普通,宫城,健康,×,,,0,,0,0,×,×
0,0,0,0,81,247,夏侯玄,247,夏,,陈留,陈留,男,53,39,77,94,64,327,未登场,,120,0,0,222,208,254,0,夏侯渊,夏侯尚,,,,,20,23,其它,普通,名声,普通,普通,读书,无欲,冷静,中华统一,努力,宫城,健康,×,,,0,,0,0,×,×
0,0,0,0,82,207,夏侯尚,207,夏,,陈留,陈留,男,78,68,79,66,59,350,未登场,,120,0,0,199,181,225,0,夏侯渊,2082,,,,,24,129,病死,普通,名声,普通,擅长,读书,普通,刚胆,中华统一,适当,宫城,健康,×,曹操,,0,,0,0,×,×
0,0,0,0,83,314,夏侯德,314,夏,,陈留,陈留,男,59,64,32,41,51,247,未登场,,120,0,0,197,178,218,0,夏侯渊,2082,,,,,24,123,其它,普通,名声,普通,擅长,收集,普通,莽撞,中华统一,适当,宫城,健康,×,曹操,,0,,0,0,×,×
0,0,0,0,84,7,夏侯,7,夏,,陈留,陈留,男,87,89,61,76,87,400,未发现,在野,160,0,0,184,156,220,0,夏侯渊,,,,,,25,25,病死,义士,义理,普通,擅长,武艺,无欲,莽撞,中华统一,普通,农地,健康,×,,,0,,0,0,×,×
0,0,0,0,85,80,夏侯霸,80,夏,,陈留,陈留,男,80,85,77,54,61,357,未登场,,120,0,0,216,202,262,0,夏侯渊,夏侯渊,,,,,23,17,其它,普通,能力,普通,普通,武艺,普通,刚胆,中华统一,努力,宫城,健康,×,,,0,,0,0,×,×
0,0,0,0,86,278,夏侯,278,夏,,陈留,陈留,男,15,7,5,20,3,50,未登场,,120,0,0,215,201,259,0,夏侯渊,夏侯,,,,,19,101,病死,轻视,名声,无视,擅长,收集,强欲,慎重,现状维持,无视,宫城,健康,×,,,0,,0,0,×,×
0,0,0,0,87,235,贾充,235,贾,,洛阳,洛阳,男,33,32,88,88,8,249,未登场,,160,0,0,231,217,282,0,贾逵,贾逵,,,,,31,121,病死,轻视,能力,无视,不擅,收集,强欲,冷静,中华统一,努力,宫城,健康,×,,,0,,0,0,×,×
0,0,0,0,88,619,何植,619,何,,吴,吴,男,18,38,29,33,15,133,未登场,,160,0,0,245,230,284,0,何植,,,,,,114,99,病死,轻视,名声,重视,普通,收集,强欲,慎重,中华统一,普通,宫城,健康,×,,,0,,0,0,×,×
0,0,0,0,89,530,何进,530,何,何进,洛阳,洛阳,男,40,39,7,39,71,196,已登场,君主,300,0,100,184,135,189,175,何进,,,,,,90,56,其它,轻视,名声,重视,擅长,收集,强欲,慎重,中华统一,适当,宫城,健康,×,,,0,,0,0,×,×
0,0,0,0,90,506,贺齐,506,贺,,建安,建安,男,83,73,72,59,66,353,未登场,,160,0,0,189,171,227,0,贺齐,,,,,,121,8,病死,普通,能力,普通,普通,武艺,普通,刚胆,地方统一,努力,宫城,健康,×,,,0,,0,0,×,×
0,0,0,0,91,315,贾范,315,贾,,襄平,襄平,男,59,60,73,64,61,317,未登场,,140,0,0,221,202,237,0,贾范,,,,,,136,144,其它,普通,实绩,普通,普通,读书,无欲,冷静,现状维持,努力,宫城,健康,×,,,0,,0,0,×,×
0,0,0,0,92,692,轲比能,692,轲,,晋阳,晋阳,男,77,69,52,59,68,325,未登场,,180,0,0,191,172,235,0,轲比能,,,,,,49,84,其它,轻视,任意,无视,普通,武艺,普通,莽撞,地方统一,适当,宫城,健康,×,,,0,,0,0,×,×
0,0,0,0,93,8,华雄,8,华,,天水,天水,男,81,93,52,39,57,322,未发现,在野,180,0,0,184,155,190,0,华雄,,,,,,1,97,其它,普通,能力,无视,擅长,武艺,普通,刚胆,中华统一,适当,城墙,健康,×,,,0,,0,0,×,×
0,0,0,0,94,468,关彝,468,关,,河内,河内,男,43,65,49,48,63,268,未登场,,100,0,0,233,219,263,0,关羽,关兴,,,,,75,37,其它,普通,义理,重视,不擅,武艺,无欲,慎重,州统一,普通,宫城,健康,×,,,0,,0,0,×,×
0,0,0,0,95,280,韩胤,280,韩,,宛,宛,男,27,24,68,59,60,238,未发现,在野,160,0,0,184,155,197,0,韩胤,,,,,,140,100,其它,轻视,任意,普通,擅长,收集,强欲,慎重,州统一,普通,农地,健康,×,,,0,,0,0,×,×
0,0,0,0,96,2,关羽,2,关,刘备,,刘备,男,96,97,76,64,93,426,已登场,一般,100,0,255,184,162,219,184,关羽,,,,刘备,,75,40,其它,义士,实绩,重视,擅长,武艺,无欲,刚胆,中华统一,普通,野外,健康,×,,,0,,0,0,×,×
0,0,0,0,97,693,桓阶,693,桓,,长沙,长沙,男,12,25,67,79,68,251,已登场,在野,300,0,0,184,156,221,0,桓阶,,,,,,7,117,病死,轻视,名声,无视,不擅,读书,普通,冷静,现状维持,努力,城墙,健康,×,,,0,,0,0,×,×
0,0,0,0,98,255,管亥,255,管,张宝,小沛,小沛,男,71,80,14,6,25,196,已登场,太守,80,25000,98,184,160,193,184,管亥,,,,,,7,89,其它,轻视,能力,无视,擅长,武艺,强欲,莽撞,州统一,适当,宫城,健康,×,,,0,,0,0,×,×
0,0,0,0,99,172,毋丘俭,172,毋,,河内,河内,男,79,74,51,58,53,315,未登场,,200,0,0,220,202,255,0,毋丘俭,2099,,,,,39,16,其它,普通,能力,普通,擅长,武艺,普通,慎重,中华统一,努力,宫城,健康,×,,,0,,0,0,×,×
0,0,0,0,100,283,毋丘秀,283,毋,,河内,河内,男,58,63,35,38,51,245,未登场,,180,0,0,225,206,265,0,毋丘俭,2099,,,,,39,18,其它,轻视,实绩,普通,普通,收集,强欲,慎重,中华统一,普通,宫城,健康,×,,,0,,0,0,×,×
0,0,0,0,101,284,毋丘甸,284,毋,,河内,河内,男,63,58,68,70,58,317,未登场,,140,0,0,238,224,255,0,毋丘俭,毋丘俭,,,,,39,18,其它,重视,名声,普通,普通,收集,普通,慎重,中华统一,普通,宫城,健康,×,,,0,,0,0,×,×
0,0,0,0,102,694,韩莒子,694,韩,,南皮,南皮,男,53,59,30,41,54,237,未发现,在野,80,0,0,184,158,200,0,韩莒子,,,,,,98,59,其它,普通,任意,普通,擅长,武艺,普通,莽撞,州统一,适当,工房,健康,×,,,0,,0,0,×,×
0,0,0,0,103,52,韩玄,52,韩,,河内,河内,男,20,33,6,3,1,63,未发现,在野,80,0,0,184,163,208,0,韩玄,2103,,,,,9,102,其它,无视,实绩,普通,擅长,收集,强欲,慎重,中华统一,适当,农地,健康,×,,,0,,0,0,×,×
0,0,0,0,104,316,韩浩,316,韩,,河内,河内,男,72,71,71,87,66,367,未发现,在野,120,0,0,184,164,218,0,韩玄,2103,,,,,27,116,其它,普通,任意,重视,不擅,读书,普通,刚胆,地方统一,努力,驻所,健康,×,,,0,,0,0,×,×
0,0,0,0,105,81,关兴,81,关,,河内,河内,男,76,86,63,52,72,349,未登场,,100,0,0,213,199,234,0,关羽,关羽,,,,,75,39,病死,义士,实绩,重视,普通,武艺,无欲,刚胆,中华统一,适当,宫城,健康,×,,,0,,0,0,×,×
0,0,0,0,106,82,关索,82,关,,河内,河内,男,72,82,55,49,70,328,未登场,,100,0,0,214,200,239,0,关羽,关羽,,,,,75,37,病死,义士,义理,重视,普通,武艺,无欲,莽撞,中华统一,适当,宫城,健康,×,,,0,,0,0,×,×
0,0,0,0,107,83,韩遂,83,韩,韩遂,西平,西平,男,85,72,75,65,80,377,已登场,都督,280,50000,95,184,142,215,184,韩遂,,,,韩遂,,48,81,病死,普通,能力,无视,擅长,武艺,强欲,冷静,地方统一,适当,宫城,健康,×,,,0,,0,0,×,×
0,0,0,0,108,250,韩嵩,250,韩,,襄阳,襄阳,男,28,18,72,74,58,250,未发现,在野,240,0,0,184,154,210,0,韩嵩,,,,,,40,141,病死,普通,名声,重视,不擅,读书,强欲,冷静,现状维持,努力,城墙,健康,×,,,0,,0,0,×,×
0,0,0,0,109,646,关靖,646,关,公孙瓒,北平,北平,男,35,50,73,68,51,277,已登场,一般,180,500,98,184,158,199,183,关靖,,,,,,65,63,其它,普通,实绩,重视,不擅,读书,无欲,刚胆,州统一,努力,驻所,健康,×,,,0,,0,0,×,×
0,0,0,0,110,317,韩暹,317,韩,张角,南皮,南皮,男,69,67,35,36,48,255,已登场,一般,60,8000,97,184,159,196,184,韩暹,,,,,,8,94,其它,轻视,能力,无视,擅长,收集,强欲,刚胆,州统一,无视,工房,健康,×,,,0,,0,0,×,×
0,0,0,0,111,173,阚泽,173,阚,,会稽,会稽,男,34,48,83,88,73,326,未登场,,200,0,0,201,182,243,0,阚泽,,,,,,127,7,病死,普通,名声,普通,擅长,读书,无欲,刚胆,州统一,适当,宫城,健康,×,,,0,,0,0,×,×
0,0,0,0,112,524,韩忠,524,韩,张角,邺,邺,男,66,67,20,14,12,179,已登场,一般,60,13000,97,184,151,184,184,韩忠,,,,,,7,89,其它,无视,任意,无视,普通,收集,强欲,刚胆,地方统一,普通,农地,健康,×,,,0,,0,0,×,×
0,0,0,0,113,504,关统,504,关,,河内,河内,男,64,58,60,62,72,316,未登场,,100,0,0,232,218,259,0,关羽,关兴,,,,,75,37,病死,普通,义理,重视,普通,武艺,无欲,刚胆,中华统一,普通,宫城,健康,×,,,0,,0,0,×,×
0,0,0,0,114,153,韩当,153,韩,孙坚,下邳,下邳,男,76,86,59,53,67,341,已登场,一般,160,1500,150,184,156,225,179,韩当,,,,,,126,38,病死,普通,实绩,重视,擅长,武艺,普通,刚胆,中华统一,普通,农地,健康,×,,,0,,0,0,×,×
0,0,0,0,115,636,韩德,636,韩,,西平,西平,男,62,79,24,15,50,230,未登场,,100,0,0,199,171,228,0,韩德,,,,,,19,78,其它,普通,任意,普通,普通,收集,普通,莽撞,州统一,适当,宫城,健康,×,,,0,,0,0,×,×
0,0,0,0,116,17,甘宁,17,甘,,江州,江州,男,88,93,75,20,55,331,未登场,,100,0,0,193,174,222,0,甘宁,,,,,,129,71,其它,普通,能力,普通,擅长,读书,普通,刚胆,中华统一,适当,宫城,健康,×,,,0,,0,0,×,×
0,0,0,0,117,319,桓范,319,桓,,小沛,小沛,男,22,16,80,72,55,245,未登场,,80,0,0,218,199,249,0,桓范,,,,,,21,10,其它,普通,名声,普通,不擅,读书,普通,刚胆,中华统一,普通,宫城,健康,×,,,0,,0,0,×,×
0,0,0,0,118,53,韩馥,53,韩,何进,河内,河内,男,18,10,29,63,59,179,已登场,一般,360,8000,92,184,149,191,168,韩馥,,,,,,93,106,其它,普通,名声,重视,普通,收集,无欲,慎重,现状维持,努力,城墙,健康,×,,,0,,0,0,×,×
0,0,0,0,119,18,关平,18,关,,河内,河内,男,77,81,69,55,75,357,未登场,,100,0,0,200,186,219,0,关平,,,,,,75,41,其它,义士,义理,重视,普通,武艺,无欲,冷静,中华统一,适当,宫城,健康,×,,,0,,0,0,×,×
0,0,0,0,120,174,简雍,174,简,刘备,,刘备,男,22,33,66,71,74,266,已登场,一般,80,0,150,184,164,225,184,简雍,,,,,,73,69,病死,重视,任意,重视,擅长,收集,普通,刚胆,地方统一,适当,野外,健康,×,,,0,,0,0,×,×
0,0,0,0,121,10,颜良,10,颜,,南皮,南皮,男,83,94,41,34,52,304,未发现,在野,180,0,0,184,160,200,0,颜良,,,,,,102,44,其它,普通,能力,普通,擅长,武艺,普通,莽撞,中华统一,适当,工房,健康,×,,,0,,0,0,×,×
0,0,0,0,122,15,魏延,15,魏,,汝南,汝南,男,85,92,69,43,34,323,未登场,,80,0,0,194,175,234,0,魏延,,,,,,81,69,其它,轻视,能力,普通,擅长,武艺,强欲,刚胆,中华统一,适当,宫城,健康,×,,,0,,0,0,×,×
0,0,0,0,123,259,麴义,259,麴,,北平,北平,男,83,79,50,20,29,261,未发现,在野,200,0,0,184,146,191,0,麴义,,,,,,99,95,其它,轻视,实绩,无视,普通,武艺,普通,莽撞,州统一,无视,驻所,健康,×,,,0,,0,0,×,×
0,0,0,0,124,493,戏志才,493,戏,,许昌,许昌,男,24,5,86,73,55,243,未发现,在野,180,0,0,184,157,194,0,戏志才,,,,,,22,21,病死,普通,能力,普通,不擅,读书,普通,冷静,中华统一,普通,农地,健康,×,,,0,,0,0,×,×
0,0,0,0,125,322,魏续,322,魏,丁原,晋阳,晋阳,男,70,79,27,33,31,240,已登场,一般,120,500,92,184,156,200,182,魏续,,,,,,147,30,其它,轻视,任意,无视,擅长,收集,强欲,刚胆,州统一,普通,城墙,健康,×,,,0,,0,0,×,×
0,0,0,0,126,621,魏邈,621,魏,,建业,建业,男,58,62,60,56,65,301,未登场,,160,0,0,240,221,268,0,魏邈,,,,,,129,138,病死,普通,任意,普通,普通,收集,普通,冷静,地方统一,适当,宫城,健康,×,,,0,,0,0,×,×
0,0,0,0,127,507,魏攸,507,魏,,北平,北平,男,33,28,77,73,66,277,未发现,在野,300,0,0,184,151,193,0,魏攸,,,,,,96,146,病死,普通,名声,普通,普通,读书,普通,冷静,现状维持,普通,酒家,健康,×,,,0,,0,0,×,×
0,0,0,0,128,154,牛金,154,牛,,宛,宛,男,71,79,40,38,42,270,未登场,,80,0,0,201,173,226,0,牛金,,,,,,27,34,病死,普通,实绩,普通,擅长,武艺,普通,莽撞,地方统一,适当,宫城,健康,×,,,0,,0,0,×,×
0,0,0,0,129,622,丘建,622,丘,,洛阳,洛阳,男,43,56,69,60,65,293,未登场,,120,0,0,253,239,272,0,丘建,,,,,,33,1,病死,普通,任意,普通,普通,收集,普通,冷静,州统一,普通,宫城,健康,×,,,0,,0,0,×,×
0,0,0,0,130,494,牛辅,494,牛,董卓,天水,天水,男,43,63,12,18,27,163,已登场,一般,200,5000,120,184,159,192,180,董卓,,,,,,1,99,其它,轻视,实绩,无视,擅长,收集,强欲,慎重,中华统一,无视,城墙,健康,×,,,0,,0,0,×,×
0,0,0,0,131,326,丘本,326,丘,,安定,安定,男,52,41,70,54,53,270,未登场,,100,0,0,251,232,269,0,丘本,,,,,,41,53,病死,普通,任意,普通,普通,收集,普通,冷静,地方统一,普通,宫城,健康,×,,,0,,0,0,×,×
0,0,0,0,132,695,丘力居,695,丘,,北平,北平,男,80,68,56,55,60,319,已登场,在野,340,0,0,184,152,193,0,丘力居,,,,,,6,96,病死,普通,能力,无视,普通,收集,强欲,刚胆,中华统一,适当,农地,健康,×,,,0,,0,0,×,×
0,0,0,0,133,84,姜维,84,姜,,天水,天水,男,91,89,90,68,77,415,未登场,,100,0,0,225,202,264,0,姜维,,,,,,73,17,其它,重视,能力,重视,擅长,读书,普通,刚胆,中华统一,努力,宫城,健康,×,,,0,,0,0,×,×
0,0,0,0,134,321,巩志,321,巩,,武陵,武陵,男,45,59,61,63,52,280,未登场,,80,0,0,197,178,242,0,巩志,,,,,,83,146,病死,普通,任意,重视,普通,读书,普通,冷静,现状维持,努力,宫城,健康,×,,,0,,0,0,×,×
0,0,0,0,135,318,桥蕤,318,桥,何进,洛阳,洛阳,男,67,69,39,41,34,250,已登场,一般,280,8000,90,184,143,195,165,桥蕤,,,,,,137,107,其它,普通,任意,普通,普通,收集,普通,刚胆,地方统一,努力,农地,健康,×,,,0,,0,0,×,×
0,0,0,0,136,696,强端,696,强,,武都,武都,男,58,83,9,11,29,190,未登场,,40,0,0,189,168,230,0,强端,,,,,,60,94,病死,轻视,任意,无视,普通,武艺,强欲,刚胆,地方统一,适当,宫城,健康,×,,,0,,0,0,×,×
0,0,0,0,137,256,龚都,256,龚,张梁,宛,宛,男,55,72,25,23,32,207,已登场,一般,20,2000,97,184,164,200,184,龚都,,,,,,74,66,其它,普通,实绩,普通,擅长,收集,强欲,刚胆,州统一,普通,驻所,健康,×,,,0,,0,0,×,×
0,0,0,0,138,54,桥瑁,54,桥,何进,陈留,陈留,男,56,52,68,66,69,311,已登场,一般,340,8000,95,184,150,190,169,桥瑁,,,,,,98,32,其它,普通,实绩,重视,普通,收集,强欲,刚胆,州统一,适当,农地,健康,×,,,0,,0,0,×,×
0,0,0,0,139,469,许仪,469,许,,陈留,陈留,男,51,74,15,16,47,203,未登场,,80,0,0,227,213,263,0,许褚,许褚,,,,,23,31,其它,普通,任意,普通,不擅,收集,普通,刚胆,州统一,努力,宫城,健康,×,,,0,,0,0,×,×
0,0,0,0,140,465,许贡,465,许,,吴,吴,男,47,65,61,52,65,290,未发现,在野,200,0,0,184,155,200,0,许贡,,,,,,139,120,其它,无视,名声,普通,擅长,收集,强欲,慎重,地方统一,普通,工房,健康,×,,,0,,0,0,×,×
0,0,0,0,141,176,许靖,176,许,,汝南,汝南,男,4,4,67,78,69,222,已登场,在野,500,0,0,184,152,222,0,许靖,,,,,,87,111,病死,普通,名声,重视,不擅,读书,强欲,慎重,现状维持,努力,城墙,健康,×,,,0,,0,0,×,×
0,0,0,0,142,12,许褚,12,许,,陈留,陈留,男,67,96,36,21,58,278,未登场,,100,0,0,189,169,226,0,许褚,,,,,,25,25,病死,义士,任意,普通,擅长,武艺,无欲,莽撞,中华统一,努力,宫城,健康,×,,,0,,0,0,×,×
0,0,0,0,143,177,许攸,177,许,,宛,宛,男,36,24,84,60,13,217,已登场,在野,340,0,0,184,155,204,0,许攸,,,,,,21,12,其它,无视,名声,重视,普通,收集,强欲,慎重,中华统一,适当,城墙,健康,×,,,0,,0,0,×,×
0,0,0,0,144,155,纪灵,155,纪,,宛,宛,男,78,81,58,50,59,326,未发现,在野,200,0,0,184,155,199,0,纪灵,,,,,,140,107,其它,普通,能力,普通,普通,武艺,普通,刚胆,中华统一,普通,城墙,健康,×,,,0,,0,0,×,×
0,0,0,0,145,697,金t,697,金,,长安,长安,男,18,40,63,65,67,253,未登场,,100,0,0,197,177,218,0,金旋,金旋,,,,,34,114,其它,普通,名声,重视,不擅,读书,普通,慎重,现状维持,普通,宫城,健康,×,,,0,,0,0,×,×
0,0,0,0,146,132,金环三结,132,金,,永昌,永昌,男,64,76,19,17,44,220,未登场,,60,0,0,217,192,225,0,金环三结,,,,,,62,85,其它,普通,义理,无视,擅长,收集,普通,莽撞,州统一,适当,宫城,健康,×,,,0,,0,0,×,×
0,0,0,0,147,55,金旋,55,金,何进,长安,长安,男,53,69,16,29,42,209,已登场,一般,100,2000,96,184,155,208,174,金旋,,,,,,46,106,其它,普通,名声,普通,擅长,收集,强欲,莽撞,地方统一,适当,城墙,健康,×,,,0,,0,0,×,×
0,0,0,0,148,382,虞汜,382,虞,,会稽,会稽,男,70,33,79,71,72,325,未登场,,360,0,0,231,217,273,0,虞翻,虞翻,,,,,122,121,病死,普通,名声,普通,普通,读书,普通,冷静,现状维持,普通,宫城,健康,×,,,0,,0,0,×,×
0,0,0,0,149,178,虞翻,178,虞,,会稽,会稽,男,34,43,86,81,39,283,未发现,在野,400,0,0,184,164,233,0,虞翻,,,,,,122,108,病死,普通,能力,普通,擅长,读书,普通,刚胆,地方统一,适当,市场,健康,×,,,0,,0,0,×,×
0,0,0,0,150,237,邢道荣,237,邢,,南海,南海,男,59,80,44,12,6,201,未登场,,60,0,0,193,174,208,0,邢道荣,,,,,,12,85,其它,轻视,实绩,普通,普通,武艺,强欲,莽撞,州统一,普通,宫城,健康,×,,,0,,0,0,×,×
0,0,0,0,151,197,S正,197,S,,洛阳,洛阳,男,7,6,63,73,61,210,未登场,,180,0,0,227,208,278,0,S正,,,,,,80,110,病死,普通,名声,无视,不擅,读书,普通,冷静,现状维持,努力,宫城,健康,×,,,0,,0,0,×,×
0,0,0,0,152,16,严颜,16,严,,江州,江州,男,79,82,69,65,74,369,未发现,在野,180,0,0,184,151,222,0,严颜,,,,,,69,48,病死,重视,义理,重视,擅长,武艺,普通,刚胆,地方统一,普通,城墙,健康,×,,,0,,0,0,×,×
0,0,0,0,153,601,牵弘,601,牵,,安定,安定,男,76,72,66,64,58,336,未登场,,180,0,0,243,224,272,0,牵弘,,,,,,40,59,其它,普通,能力,普通,普通,武艺,普通,冷静,现状维持,普通,宫城,健康,×,,,0,,0,0,×,×
0,0,0,0,154,323,严纲,323,严,公孙瓒,北平,北平,男,74,63,41,50,51,279,已登场,一般,240,0,92,184,163,192,184,严纲,,,,,,64,61,其它,普通,义理,普通,普通,武艺,普通,莽撞,州统一,普通,酒家,健康,×,,,0,,0,0,×,×
0,0,0,0,155,324,严,324,严,,下邳,下邳,男,16,1,70,84,76,247,未登场,,220,0,0,188,169,246,0,严,,,,,,121,2,病死,普通,名声,普通,不擅,读书,普通,慎重,现状维持,努力,宫城,健康,×,,,0,,0,0,×,×
0,0,0,0,156,529,严政,529,严,张宝,濮阳,濮阳,男,50,58,38,31,4,181,已登场,一般,40,10000,93,184,151,189,184,严政,,,,,,7,92,病死,无视,任意,普通,擅长,收集,强欲,慎重,地方统一,无视,农地,健康,×,,,0,,0,0,×,×
0,0,0,0,157,297,严白虎,297,严,,吴,吴,男,67,69,24,20,33,213,已登场,在野,100,0,0,184,142,196,0,严白虎,2157,,,,,10,91,其它,轻视,任意,无视,擅长,收集,强欲,莽撞,地方统一,适当,工房,健康,×,,,0,,0,0,×,×
0,0,0,0,158,471,严舆,471,严,,吴,吴,男,60,78,49,18,12,217,已登场,在野,40,0,0,184,145,196,0,严白虎,2157,,,,,10,91,其它,轻视,任意,无视,擅长,收集,强欲,莽撞,州统一,适当,市场,健康,×,,,0,,0,0,×,×
0,0,0,0,159,85,吴懿,85,吴,,陈留,陈留,男,83,71,71,70,77,372,未登场,,400,0,0,185,165,237,0,吴懿,,,,,,69,64,病死,重视,义理,普通,普通,收集,普通,冷静,中华统一,努力,宫城,健康,×,,,0,,0,0,×,×
0,0,0,0,160,19,黄盖,19,黄,孙坚,下邳,下邳,男,79,83,69,68,81,380,已登场,一般,160,1500,150,184,154,218,181,黄盖,,,,,,127,38,病死,重视,实绩,普通,擅长,武艺,普通,刚胆,中华统一,普通,农地,健康,×,,,0,,0,0,×,×
0,0,0,0,161,325,高干,325,高,,陈留,陈留,男,74,59,60,62,66,321,未登场,,400,0,0,187,168,206,0,袁绍,,,,,,101,5,其它,普通,名声,普通,普通,收集,强欲,慎重,中华统一,普通,宫城,健康,×,,,0,,0,0,×,×
0,0,0,0,162,156,黄权,156,黄,,梓潼,梓潼,男,76,62,83,71,79,371,未登场,,180,0,0,186,167,240,0,黄权,,,,,,56,33,病死,重视,能力,普通,不擅,读书,无欲,冷静,地方统一,努力,宫城,健康,×,,,0,,0,0,×,×
0,0,0,0,163,271,黄皓,271,黄,,成都,成都,男,1,2,36,4,3,46,未登场,,20,0,0,245,226,263,0,黄皓,,,,,,50,101,其它,无视,名声,无视,擅长,收集,强欲,慎重,现状维持,普通,宫城,健康,×,,,0,,0,0,×,×
0,0,0,0,164,426,高柔,426,高,,陈留,陈留,男,56,44,73,82,76,331,未登场,,400,0,0,193,174,263,0,袁绍,,,,,,101,5,病死,普通,任意,普通,不擅,读书,普通,冷静,州统一,努力,宫城,健康,×,,,0,,0,0,×,×
0,0,0,0,165,268,高顺,268,高,,晋阳,晋阳,男,89,85,51,42,67,334,未登场,,80,0,0,186,162,198,0,高顺,,,,,,144,77,其它,普通,能力,无视,不擅,武艺,普通,刚胆,地方统一,适当,宫城,健康,×,,,0,,0,0,×,×
0,0,0,0,166,327,高翔,327,高,,梓潼,梓潼,男,68,67,51,43,54,283,未登场,,140,0,0,213,194,252,0,高翔,,,,,,69,33,病死,普通,任意,普通,普通,武艺,无欲,刚胆,州统一,适当,宫城,健康,×,,,0,,0,0,×,×
0,0,0,0,167,525,高升,525,高,张宝,濮阳,濮阳,男,63,73,40,21,22,219,已登场,一般,120,7000,96,184,145,184,184,高升,,,,,,7,92,其它,轻视,任意,无视,普通,收集,强欲,莽撞,地方统一,无视,酒家,健康,×,,,0,,0,0,×,×
0,0,0,0,168,428,黄崇,428,黄,,梓潼,梓潼,男,68,64,74,69,65,340,未登场,,160,0,0,222,208,263,0,黄权,黄权,,,,,56,37,其它,重视,任意,重视,普通,收集,普通,刚胆,州统一,适当,宫城,健康,×,,,0,,0,0,×,×
0,0,0,0,169,328,侯成,328,侯,丁原,晋阳,晋阳,男,76,75,64,58,60,333,已登场,一般,100,500,97,184,158,199,182,侯成,,,,,,147,29,病死,轻视,实绩,普通,擅长,武艺,普通,冷静,州统一,普通,城墙,健康,×,,,0,,0,0,×,×
0,0,0,0,170,443,侯选,443,侯,,西平,西平,男,56,66,35,55,46,258,未登场,,60,0,0,194,175,228,0,侯选,,,,,,48,88,病死,轻视,任意,无视,擅长,收集,强欲,慎重,现状维持,适当,宫城,健康,×,,,0,,0,0,×,×
0,0,0,0,171,179,黄祖,179,黄,,江夏,江夏,男,74,65,57,44,30,270,未发现,在野,180,0,0,184,148,208,0,黄祖,,,,,,45,90,其它,轻视,任意,无视,擅长,武艺,强欲,刚胆,地方统一,普通,驻所,健康,×,,,0,,0,0,×,×
0,0,0,0,172,329,公孙越,329,公,公孙瓒,北平,北平,男,72,71,48,53,65,309,已登场,一般,220,3000,120,184,160,192,184,公孙瓒,2176,,,,,65,65,其它,普通,任意,普通,普通,武艺,普通,刚胆,中华统一,努力,酒家,健康,×,,,0,,0,0,×,×
0,0,0,0,173,86,公孙渊,86,公,,襄平,襄平,男,67,69,58,50,51,295,未登场,,160,0,0,219,205,238,0,公孙度,公孙康,,,,,10,79,其它,无视,任意,无视,擅长,武艺,强欲,莽撞,中华统一,适当,宫城,健康,×,,,0,,0,0,×,×
0,0,0,0,174,331,公孙恭,331,公,,襄平,襄平,男,40,24,64,61,47,236,未登场,,160,0,0,188,174,238,0,公孙度,公孙度,,,,,142,144,病死,普通,任意,普通,普通,收集,普通,慎重,现状维持,普通,宫城,健康,×,,,0,,0,0,×,×
0,0,0,0,175,330,公孙康,330,公,,襄平,襄平,男,74,60,68,70,57,329,未登场,,220,0,0,186,172,210,0,公孙度,公孙度,,,,,142,100,病死,轻视,任意,重视,普通,收集,强欲,冷静,现状维持,努力,宫城,健康,×,,,0,,0,0,×,×
0,0,0,0,176,38,公孙瓒,38,公,公孙瓒,北平,北平,男,85,84,67,66,79,381,已登场,君主,280,0,100,184,152,199,181,公孙瓒,2176,,,,,65,65,其它,普通,任意,重视,擅长,武艺,普通,刚胆,中华统一,适当,宫城,健康,×,,,0,,0,0,×,×
0,0,0,0,177,509,公孙续,509,公,,北平,北平,男,60,69,53,61,62,305,未登场,,160,0,0,190,176,199,0,公孙瓒,公孙瓒,,,,,65,65,其它,普通,任意,普通,普通,武艺,普通,冷静,中华统一,适当,宫城,健康,×,,,0,,0,0,×,×
0,0,0,0,178,264,公孙度,264,公,,襄平,襄平,男,69,67,71,67,19,293,未发现,在野,240,0,0,184,154,204,0,公孙度,,,,,,142,100,病死,普通,任意,重视,普通,读书,强欲,刚胆,现状维持,普通,驻所,健康,×,,,0,,0,0,×,×
0,0,0,0,179,508,公孙范,508,公,公孙瓒,北平,北平,男,77,66,63,57,61,324,已登场,一般,240,3000,120,184,158,199,184,公孙瓒,,,,,,65,65,病死,普通,能力,普通,普通,收集,强欲,冷静,中华统一,普通,工房,健康,×,,,0,,0,0,×,×
0,0,0,0,180,57,孔胄,57,孔,何进,上党,上党,男,26,13,68,77,67,251,已登场,一般,420,5000,98,184,151,194,170,孔胄,,,,,,35,112,病死,普通,名声,重视,不擅,读书,普通,冷静,现状维持,努力,市场,健康,×,,,0,,0,0,×,×
0,0,0,0,181,23,黄忠,23,黄,,宛,宛,男,86,94,66,58,74,378,未发现,在野,100,0,0,184,148,222,0,黄忠,,,,,,72,35,其它,重视,实绩,重视,擅长,武艺,普通,刚胆,中华统一,适当,市场,健康,×,,,0,,0,0,×,×
0,0,0,0,182,332,高定,332,高,,建宁,建宁,男,55,62,38,48,53,256,未登场,,60,0,0,209,190,251,0,高定,,,,,,63,78,病死,轻视,能力,普通,普通,收集,普通,慎重,州统一,适当,宫城,健康,×,,,0,,0,0,×,×
0,0,0,0,183,333,高沛,333,高,,梓潼,梓潼,男,66,62,72,51,41,292,未登场,,180,0,0,189,170,212,0,高沛,,,,,,53,52,其它,轻视,任意,普通,普通,武艺,普通,刚胆,州统一,适当,宫城,健康,×,,,0,,0,0,×,×
0,0,0,0,184,201,皇甫嵩,201,皇,何进,陈留,陈留,男,93,62,78,45,82,360,已登场,太守,460,50000,150,184,132,195,151,皇甫嵩,,,,,,88,23,病死,重视,能力,重视,普通,武艺,普通,刚胆,中华统一,普通,宫城,健康,×,,,0,,0,0,×,×
0,0,0,0,185,58,孔融,58,孔,何进,洛阳,洛阳,男,30,11,74,78,60,253,已登场,一般,500,5000,99,184,153,208,172,孔融,,,,,,43,110,其它,重视,名声,重视,不擅,读书,强欲,慎重,现状维持,努力,工房,健康,×,,,0,,0,0,×,×
0,0,0,0,186,239,高览,239,高,,南皮,南皮,男,75,82,67,55,61,340,未发现,在野,100,0,0,184,159,201,0,高览,,,,,,27,135,其它,普通,实绩,重视,不擅,武艺,普通,刚胆,州统一,努力,城墙,健康,×,,,0,,0,0,×,×
0,0,0,0,187,698,黄乱,698,黄,,建安,建安,男,63,75,6,25,36,205,未登场,,40,0,0,219,200,264,0,黄乱,,,,,,41,91,病死,普通,能力,无视,普通,收集,普通,莽撞,州统一,适当,宫城,健康,×,,,0,,0,0,×,×
0,0,0,0,188,602,伍延,602,伍,,江陵,江陵,男,67,73,46,48,63,297,未登场,,140,0,0,253,234,280,0,伍延,,,,,,126,78,其它,普通,任意,普通,普通,收集,普通,刚胆,现状维持,适当,宫城,健康,×,,,0,,0,0,×,×
0,0,0,0,189,495,吴巨,495,吴,,蓟,蓟,男,49,63,32,52,48,244,已登场,在野,180,0,0,184,151,211,0,吴巨,,,,,,39,66,其它,普通,名声,无视,擅长,收集,强欲,慎重,地方统一,适当,工房,健康,×,,,0,,0,0,×,×
0,0,0,0,190,699,国渊,699,国,,北海,北海,男,52,21,71,88,74,306,未发现,在野,240,0,0,184,160,219,0,国渊,,,,,,21,3,病死,重视,能力,重视,不擅,读书,无欲,冷静,中华统一,努力,市场,健康,×,,,0,,0,0,×,×
0,0,0,0,191,712,吴景,712,吴,孙坚,下邳,下邳,男,73,60,57,67,69,326,已登场,一般,160,500,120,184,159,203,183,吴景,2781,,,,,126,46,病死,普通,任意,普通,擅长,收集,普通,刚胆,地方统一,努力,酒家,健康,×,,,0,,0,0,×,×
0,0,0,0,192,472,吾彦,472,吾,,吴,吴,男,73,68,76,67,65,349,未登场,,140,0,0,253,235,297,0,吾彦,,,,,,128,44,病死,普通,义理,普通,普通,武艺,普通,冷静,现状维持,努力,宫城,健康,×,,,0,,0,0,×,×
0,0,0,0,193,473,吴纲,473,吴,,寿春,寿春,男,49,34,61,66,72,282,未登场,,160,0,0,235,216,275,0,吴纲,,,,,,133,55,病死,普通,任意,普通,普通,收集,普通,冷静,州统一,普通,宫城,健康,×,,,0,,0,0,×,×
0,0,0,0,194,603,胡济,603,胡,,新野,新野,男,58,42,68,72,66,306,未登场,,80,0,0,223,207,264,0,胡济,,,,,,76,102,病死,普通,义理,普通,不擅,收集,普通,冷静,州统一,普通,宫城,健康,×,,,0,,0,0,×,×
0,0,0,0,195,461,吾粲,461,吾,,吴,吴,男,69,41,78,72,68,328,未登场,,120,0,0,206,181,245,0,吾粲,,,,,,126,60,其它,重视,能力,普通,擅长,读书,普通,刚胆,州统一,适当,宫城,健康,×,,,0,,0,0,×,×
0,0,0,0,196,466,胡质,466,胡,,寿春,寿春,男,73,50,75,79,72,349,未登场,,160,0,0,214,192,250,0,胡质,,,,,,29,134,病死,普通,任意,普通,擅长,武艺,普通,冷静,州统一,普通,宫城,健康,×,,,0,,0,0,×,×
0,0,0,0,197,335,吴质,335,吴,,北海,北海,男,17,34,64,56,9,180,未登场,,160,0,0,196,177,230,0,吴质,,,,,,19,116,病死,轻视,义理,普通,擅长,收集,普通,慎重,州统一,努力,宫城,健康,×,,,0,,0,0,×,×
0,0,0,0,198,292,胡车儿,292,胡,,武威,武威,男,28,85,41,2,24,180,未登场,,40,0,0,188,164,206,0,胡车儿,,,,,,148,84,病死,轻视,任意,无视,擅长,武艺,普通,刚胆,州统一,普通,宫城,健康,×,,,0,,0,0,×,×
0,0,0,0,199,240,胡遵,240,胡,,安定,安定,男,72,78,52,49,60,311,未登场,,100,0,0,219,200,256,0,胡遵,,,,,,20,122,病死,普通,能力,普通,擅长,武艺,普通,刚胆,中华统一,普通,宫城,健康,×,,,0,,0,0,×,×
0,0,0,0,200,485,胡轸,485,胡,董卓,天水,天水,男,65,77,13,14,9,178,已登场,一般,140,1500,96,184,146,190,175,胡轸,,,,,,149,95,其它,轻视,任意,无视,普通,收集,普通,莽撞,地方统一,适当,城墙,健康,×,,,0,,0,0,×,×
0,0,0,0,201,486,顾谭,486,顾,,吴,吴,男,33,21,69,79,75,277,未登场,,400,0,0,218,203,244,0,顾雍,,,,,,120,14,病死,普通,名声,普通,普通,读书,普通,冷静,现状维持,普通,宫城,健康,×,,,0,,0,0,×,×
0,0,0,0,202,700,呼厨泉,700,呼,,上党,上党,男,69,65,16,26,66,242,未登场,,160,0,0,188,169,230,0,於夫罗,2049,,,,,27,94,病死,普通,能力,无视,擅长,收集,普通,刚胆,地方统一,适当,宫城,健康,×,,,0,,0,0,×,×
0,0,0,0,203,134,兀突骨,134,兀,,云南,云南,男,74,89,1,2,19,185,未登场,,120,0,0,217,186,225,0,兀突骨,,,,,,51,82,其它,普通,能力,无视,擅长,收集,强欲,莽撞,中华统一,无视,宫城,健康,×,,,0,,0,0,×,×
0,0,0,0,204,334,胡班,334,胡,,洛阳,洛阳,男,57,56,59,48,62,282,未登场,,60,0,0,198,179,233,0,胡班,,,,,,76,52,病死,普通,实绩,重视,擅长,收集,普通,冷静,地方统一,适当,宫城,健康,×,,,0,,0,0,×,×
0,0,0,0,205,180,吴班,180,吴,,陈留,陈留,男,75,72,57,51,67,322,未登场,,180,0,0,190,171,234,0,吴懿,,,,,,72,52,其它,普通,能力,普通,不擅,武艺,普通,刚胆,地方统一,普通,宫城,健康,×,,,0,,0,0,×,×
0,0,0,0,206,208,胡奋,208,胡,,安定,安定,男,71,76,50,46,52,295,未登场,,180,0,0,236,222,288,0,胡遵,胡遵,,,,,20,122,病死,普通,任意,普通,不擅,武艺,普通,莽撞,地方统一,努力,宫城,健康,×,,,0,,0,0,×,×
0,0,0,0,207,181,顾雍,181,顾,,吴,吴,男,43,18,81,94,78,314,未登场,,400,0,0,197,168,243,0,顾雍,,,,,,120,15,病死,普通,名声,重视,不擅,读书,普通,冷静,现状维持,努力,宫城,健康,×,,,0,,0,0,×,×
0,0,0,0,208,182,吴兰,182,吴,,江州,江州,男,63,80,34,36,51,264,未登场,,140,0,0,189,170,218,0,吴兰,,,,,,59,61,其它,普通,任意,普通,擅长,武艺,强欲,莽撞,州统一,适当,宫城,健康,×,,,0,,0,0,×,×
0,0,0,0,209,625,胡烈,625,胡,,安定,安定,男,77,69,76,66,68,356,未登场,,160,0,0,239,225,272,0,胡遵,胡遵,,,,,30,136,病死,重视,义理,普通,普通,收集,无欲,冷静,中华统一,适当,宫城,健康,×,,,0,,0,0,×,×
0,0,0,0,210,464,崔琰,464,崔,,平原,平原,男,21,56,70,79,76,302,未发现,在野,400,0,0,184,162,216,0,崔琰,,,,,,20,112,其它,重视,名声,重视,不擅,读书,普通,冷静,现状维持,普通,市场,健康,×,,,0,,0,0,×,×
0,0,0,0,211,336,蔡和,336,蔡,,襄阳,襄阳,男,41,49,2,14,23,129,未登场,,140,0,0,185,166,208,0,蔡瑁,2209,,,,,36,104,其它,轻视,名声,普通,普通,收集,强欲,慎重,州统一,适当,宫城,健康,×,,,0,,0,0,×,×
0,0,0,0,212,337,蔡中,337,蔡,,襄阳,襄阳,男,44,47,2,10,19,122,未登场,,140,0,0,187,168,208,0,蔡瑁,2209,,,,,36,104,其它,轻视,名声,普通,普通,收集,强欲,慎重,州统一,适当,宫城,健康,×,,,0,,0,0,×,×
0,0,0,0,213,87,蔡瑁,87,蔡,,襄阳,襄阳,男,79,64,77,75,56,351,未发现,在野,340,0,0,184,155,208,0,蔡瑁,,,,,,36,104,其它,轻视,名声,普通,擅长,收集,强欲,慎重,地方统一,适当,城墙,健康,×,,,0,,0,0,×,×
0,0,0,0,214,503,左奕,503,左,,江陵,江陵,男,60,66,51,47,56,280,未登场,,120,0,0,251,232,280,0,左奕,,,,,,122,141,病死,普通,任意,普通,普通,武艺,普通,冷静,现状维持,普通,宫城,健康,×,,,0,,0,0,×,×
0,0,0,0,215,338,笮融,338,笮,,下邳,下邳,男,62,68,40,26,4,200,未发现,在野,220,0,0,184,161,194,0,笮融,,,,,,11,97,其它,无视,名声,无视,擅长,收集,强欲,莽撞,州统一,无视,工房,健康,×,,,0,,0,0,×,×
0,0,0,0,216,701,士壹,701,士,士燮,交趾,交趾,男,48,36,67,74,69,294,已登场,一般,300,5000,120,184,153,230,177,士燮,2221,,,,,139,87,其它,普通,实绩,普通,擅长,读书,强欲,刚胆,现状维持,适当,驻所,健康,×,,,0,,0,0,×,×
0,0,0,0,217,702,士徽,703,士,士燮,交趾,交趾,男,69,64,44,31,54,262,已登场,一般,160,3000,120,184,165,227,184,士燮,士燮,,,,,144,87,其它,普通,任意,普通,普通,收集,普通,慎重,现状维持,普通,市场,健康,×,,,0,,0,0,×,×
0,0,0,0,218,703,士匡,705,士,,交趾,交趾,男,58,45,64,58,64,289,未登场,,160,0,0,194,175,235,0,士燮,士壹,,,,,144,87,病死,普通,名声,普通,普通,收集,普通,冷静,现状维持,普通,宫城,健康,×,,,0,,0,0,×,×
0,0,0,0,219,626,施朔,626,施,,建业,建业,男,36,66,44,26,49,221,未登场,,160,0,0,245,226,268,0,施朔,,,,,,129,138,病死,普通,义理,普通,普通,收集,普通,刚胆,地方统一,努力,宫城,健康,×,,,0,,0,0,×,×
0,0,0,0,220,605,师纂,605,师,,新野,新野,男,61,71,54,48,15,249,未登场,,120,0,0,234,215,264,0,师纂,,,,,,41,82,病死,无视,任意,普通,普通,武艺,强欲,刚胆,州统一,适当,宫城,健康,×,,,0,,0,0,×,×
0,0,0,0,221,705,士o,702,士,士燮,交趾,交趾,男,63,58,51,52,46,270,已登场,一般,160,3000,120,184,163,227,182,士燮,士燮,,,,,146,87,其它,普通,任意,普通,普通,收集,普通,冷静,现状维持,普通,市场,健康,×,,,0,,0,0,×,×
0,0,0,0,222,704,士燮,704,士,士燮,交趾,交趾,男,53,31,76,80,86,326,已登场,君主,500,0,100,184,137,226,165,士燮,2221,,,,,139,87,病死,重视,实绩,普通,不擅,读书,普通,冷静,现状维持,普通,宫城,健康,×,,,0,,0,0,×,×
0,0,0,0,223,49,司马懿,49,司,,河内,河内,男,97,63,96,93,89,438,未登场,,400,0,0,198,179,251,0,司马懿,2222,,,,,31,128,病死,普通,能力,普通,普通,读书,普通,冷静,中华统一,努力,宫城,健康,×,,,0,,0,0,×,×
0,0,0,0,224,209,司马炎,209,司,,河内,河内,男,73,57,82,78,74,364,未登场,,400,0,0,250,236,290,0,司马懿,司马昭,,,,,31,122,病死,轻视,名声,无视,擅长,收集,强欲,刚胆,中华统一,适当,宫城,健康,×,,,0,,0,0,×,×
0,0,0,0,225,88,司马师,88,司,,河内,河内,男,80,64,87,85,79,395,未登场,,400,0,0,222,208,255,0,司马懿,司马懿,,,,,31,127,病死,轻视,能力,无视,擅长,读书,强欲,刚胆,中华统一,努力,宫城,健康,×,,,0,,0,0,×,×
0,0,0,0,226,89,司马昭,89,司,,河内,河内,男,76,55,89,90,80,390,未登场,,400,0,0,225,211,265,0,司马懿,司马懿,,,,,31,127,病死,轻视,能力,无视,普通,读书,强欲,冷静,中华统一,努力,宫城,健康,×,,,0,,0,0,×,×
0,0,0,0,227,606,司马胄,606,司,,河内,河内,男,63,53,62,65,59,302,未登场,,400,0,0,241,227,283,0,司马懿,司马懿,,,,,31,122,病死,普通,实绩,普通,普通,收集,无欲,慎重,中华统一,普通,宫城,健康,×,,,0,,0,0,×,×
0,0,0,0,228,355,司马孚,355,司,,河内,河内,男,72,35,77,79,87,350,未登场,,400,0,0,199,180,272,0,司马懿,2222,,,,,24,3,病死,义士,名声,重视,不擅,读书,无欲,冷静,地方统一,普通,宫城,健康,×,,,0,,0,0,×,×
0,0,0,0,229,356,司马望,356,司,,河内,河内,男,70,59,81,64,9,283,未登场,,400,0,0,219,205,271,0,司马懿,司马孚,,,,,24,121,病死,普通,实绩,普通,普通,武艺,强欲,冷静,地方统一,适当,宫城,健康,×,,,0,,0,0,×,×
0,0,0,0,230,279,司马攸,279,司,,河内,河内,男,68,60,80,72,83,363,未登场,,400,0,0,253,248,283,0,司马懿,司马昭,,,,,30,132,病死,重视,任意,普通,不擅,读书,无欲,冷静,现状维持,努力,宫城,健康,×,,,0,,0,0,×,×
0,0,0,0,231,357,司马朗,357,司,,河内,河内,男,20,24,69,83,85,281,未登场,,400,0,0,190,171,217,0,司马懿,2222,,,,,20,149,病死,重视,任意,重视,普通,读书,无欲,慎重,现状维持,努力,宫城,健康,×,,,0,,0,0,×,×
0,0,0,0,232,339,谢旌,339,谢,,建业,建业,男,66,76,34,32,43,251,未登场,,340,0,0,197,178,221,0,谢旌,,,,,,132,147,其它,轻视,任意,普通,普通,武艺,普通,莽撞,地方统一,适当,宫城,健康,×,,,0,,0,0,×,×
0,0,0,0,233,340,车,340,车,,下邳,下邳,男,49,57,36,51,51,244,未发现,在野,80,0,0,184,164,199,0,车,,,,,,21,107,其它,普通,任意,重视,不擅,收集,普通,慎重,现状维持,努力,工房,健康,×,,,0,,0,0,×,×
0,0,0,0,234,136,沙摩柯,136,沙,,武陵,武陵,男,62,84,27,13,46,232,未登场,,100,0,0,206,167,222,0,沙摩柯,,,,,,71,60,其它,普通,能力,无视,擅长,武艺,普通,莽撞,地方统一,适当,宫城,健康,×,,,0,,0,0,×,×
0,0,0,0,235,341,朱异,341,朱,,吴,吴,男,71,68,65,48,55,307,未登场,,340,0,0,215,201,257,0,朱桓,朱桓,,,,,128,144,其它,普通,实绩,普通,普通,武艺,普通,刚胆,地方统一,普通,宫城,健康,×,,,0,,0,0,×,×
0,0,0,0,236,342,周昕,342,周,,会稽,会稽,男,67,53,77,65,62,324,未发现,在野,400,0,0,184,159,196,0,周昕,2235,,,,,11,142,其它,普通,名声,重视,普通,收集,普通,莽撞,地方统一,适当,工房,健康,×,,,0,,0,0,×,×
0,0,0,0,237,706,周昂,706,周,,会稽,会稽,男,75,64,64,61,59,323,未发现,在野,400,0,0,184,162,195,0,周昕,2235,,,,,115,142,病死,普通,名声,重视,普通,收集,普通,莽撞,地方统一,适当,工房,健康,×,,,0,,0,0,×,×
0,0,0,0,238,343,周旨,343,周,,陈留,陈留,男,66,84,42,29,44,265,未登场,,140,0,0,252,233,295,0,周旨,,,,,,32,145,病死,普通,实绩,普通,普通,收集,普通,莽撞,地方统一,普通,宫城,健康,×,,,0,,0,0,×,×
0,0,0,0,239,20,周仓,20,周,张角,平原,平原,男,61,84,49,31,58,283,已登场,一般,80,2000,92,184,164,219,184,周仓,,,,,,75,41,其它,义士,能力,普通,擅长,武艺,普通,刚胆,中华统一,适当,城墙,健康,×,,,0,,0,0,×,×
0,0,0,0,240,90,周泰,90,周,,柴桑,柴桑,男,76,91,50,37,61,315,未登场,,80,0,0,189,171,225,0,周泰,,,,,,126,15,病死,义士,义理,普通,普通,武艺,普通,刚胆,中华统一,普通,宫城,健康,×,,,0,,0,0,×,×
0,0,0,0,241,344,州泰,344,州,,宛,宛,男,71,63,73,62,60,329,未登场,,100,0,0,226,207,261,0,州泰,,,,,,41,134,病死,普通,任意,普通,普通,收集,普通,冷静,地方统一,适当,宫城,健康,×,,,0,,0,0,×,×
0,0,0,0,242,345,周鲂,345,周,,吴,吴,男,56,44,82,75,66,323,未登场,,200,0,0,219,200,240,0,周鲂,,,,,,118,125,病死,普通,名声,普通,擅长,读书,普通,冷静,地方统一,普通,宫城,健康,×,,,0,,0,0,×,×
0,0,0,0,243,91,周瑜,91,周,,庐江,庐江,男,98,72,96,81,93,440,未登场,,400,0,0,189,175,210,0,周瑜,,,,孙策,,125,50,病死,重视,能力,普通,擅长,收集,普通,冷静,中华统一,普通,宫城,健康,×,孙坚,,0,,0,0,×,×
0,0,0,0,244,124,朱桓,124,朱,,吴,吴,男,85,82,74,54,59,354,未登场,,400,0,0,196,177,238,0,朱桓,,,,,,128,144,病死,普通,能力,普通,普通,武艺,强欲,刚胆,中华统一,适当,宫城,健康,×,,,0,,0,0,×,×
0,0,0,0,245,513,朱据,513,朱,,吴,吴,男,74,59,73,68,72,346,未登场,,400,0,0,209,190,246,0,朱桓,,,,,,128,144,其它,普通,实绩,普通,普通,武艺,普通,冷静,中华统一,适当,宫城,健康,×,,,0,,0,0,×,×
0,0,0,0,246,137,祝融,137,祝,,建宁,建宁,女,61,85,28,22,74,270,未登场,,80,0,0,214,193,246,0,祝融,2245,,孟获,,,60,86,病死,普通,能力,无视,擅长,武艺,普通,莽撞,中华统一,适当,宫城,健康,×,,,0,,0,0,×,×
0,0,0,0,247,267,朱y,267,朱,何进,洛阳,洛阳,男,84,62,73,70,78,367,已登场,一般,420,25000,150,184,149,195,168,朱y,,,,,,88,38,病死,重视,实绩,重视,普通,武艺,普通,冷静,中华统一,适当,城墙,健康,×,,,0,,0,0,×,×
0,0,0,0,248,346,朱然,346,朱,,吴,吴,男,86,66,71,60,79,362,未登场,,400,0,0,196,182,249,0,朱治,朱治,,,,,126,36,病死,普通,能力,普通,普通,武艺,强欲,刚胆,中华统一,普通,宫城,健康,×,,,0,,0,0,×,×
0,0,0,0,249,347,朱治,347,朱,孙坚,下邳,下邳,男,70,58,74,73,76,351,已登场,一般,300,3000,120,184,156,224,180,朱治,,,,,,126,36,病死,重视,实绩,普通,普通,读书,普通,冷静,中华统一,努力,城墙,健康,×,,,0,,0,0,×,×
0,0,0,0,250,377,朱褒,377,朱,,建宁,建宁,男,59,72,12,19,37,199,未登场,,60,0,0,209,191,225,0,朱褒,,,,,,52,90,其它,轻视,任意,普通,普通,收集,强欲,莽撞,地方统一,适当,宫城,健康,×,,,0,,0,0,×,×
0,0,0,0,251,348,朱灵,348,朱,,平原,平原,男,77,70,69,61,38,315,未登场,,160,0,0,189,170,236,0,朱灵,,,,,,36,105,病死,轻视,实绩,重视,不擅,收集,无欲,冷静,地方统一,努力,宫城,健康,×,,,0,,0,0,×,×
0,0,0,0,252,44,荀,44,荀,,许昌,许昌,男,48,14,96,99,93,350,未发现,在野,400,0,0,184,163,212,0,荀,2251,,,,,22,149,病死,义士,能力,重视,不擅,读书,无欲,冷静,中华统一,努力,城墙,健康,×,,,0,,0,0,×,×
0,0,0,0,253,293,淳于琼,293,淳,何进,洛阳,洛阳,男,76,67,32,31,33,239,已登场,一般,240,6000,96,184,146,200,165,淳于琼,,,,,,95,66,其它,轻视,名声,重视,擅长,武艺,强欲,莽撞,中华统一,适当,市场,健康,×,,,0,,0,0,×,×
0,0,0,0,254,627,荀,627,荀,,许昌,许昌,男,16,11,73,75,74,249,未登场,,400,0,0,226,207,281,0,荀,荀,,,,,31,124,病死,普通,实绩,重视,不擅,读书,普通,慎重,州统一,适当,宫城,健康,×,,,0,,0,0,×,×
0,0,0,0,255,628,荀,628,荀,,许昌,许昌,男,10,16,77,76,41,220,未登场,,400,0,0,244,225,289,0,荀,,,,,,31,131,病死,普通,实绩,重视,不擅,读书,普通,慎重,州统一,普通,宫城,健康,×,,,0,,0,0,×,×
0,0,0,0,256,251,荀谌,251,荀,,许昌,许昌,男,20,21,79,74,68,262,未发现,在野,400,0,0,184,164,208,0,荀,2251,,,,,85,2,病死,普通,名声,重视,普通,读书,普通,冷静,地方统一,普通,农地,健康,×,,,0,,0,0,×,×
0,0,0,0,257,157,荀攸,157,荀,何进,洛阳,洛阳,男,73,25,94,88,86,366,已登场,一般,400,2000,96,184,157,214,184,荀,,,,,,22,149,病死,重视,能力,重视,不擅,读书,无欲,冷静,中华统一,努力,农地,健康,×,,,0,,0,0,×,×
0,0,0,0,258,535,焦彝,535,焦,,寿春,寿春,男,54,65,55,32,57,263,未登场,,80,0,0,238,219,266,0,焦彝,,,,,,135,53,病死,普通,任意,普通,擅长,武艺,普通,慎重,现状维持,适当,宫城,健康,×,,,0,,0,0,×,×
0,0,0,0,259,536,钟毓,536,钟,,许昌,许昌,男,27,11,71,74,70,253,未登场,,400,0,0,238,223,263,0,钟繇,钟繇,,,,,22,47,病死,普通,任意,普通,普通,读书,普通,冷静,现状维持,普通,宫城,健康,×,,,0,,0,0,×,×
0,0,0,0,260,92,蒋琬,92,蒋,,零陵,零陵,男,74,39,85,93,81,372,未登场,,120,0,0,207,188,246,0,蒋琬,,,,,,78,4,病死,重视,实绩,重视,普通,读书,普通,冷静,中华统一,努力,宫城,健康,×,,,0,,0,0,×,×
0,0,0,0,261,93,钟会,93,钟,,许昌,许昌,男,84,56,91,79,57,367,未登场,,400,0,0,239,225,264,0,钟繇,钟繇,,,,,20,5,其它,轻视,能力,无视,擅长,收集,强欲,冷静,中华统一,适当,宫城,健康,×,,,0,,0,0,×,×
0,0,0,0,262,349,蒋干,349,蒋,,柴桑,柴桑,男,9,7,69,62,47,194,未登场,,180,0,0,194,175,239,0,蒋干,,,,,,34,19,病死,普通,任意,重视,不擅,读书,普通,慎重,现状维持,普通,宫城,健康,×,,,0,,0,0,×,×
0,0,0,0,263,350,蒋义渠,350,蒋,,蓟,蓟,男,72,60,62,50,57,301,未发现,在野,200,0,0,184,159,205,0,蒋义渠,,,,,,104,8,病死,普通,任意,重视,普通,收集,普通,刚胆,州统一,普通,农地,健康,×,,,0,,0,0,×,×
0,0,0,0,264,212,蒋钦,212,蒋,,寿春,寿春,男,78,87,53,42,78,338,未登场,,100,0,0,187,168,219,0,蒋钦,,,,,,126,29,病死,重视,义理,普通,擅长,收集,普通,莽撞,地方统一,适当,宫城,健康,×,,,0,,0,0,×,×
0,0,0,0,265,351,蒋济,351,蒋,,下邳,下邳,男,50,42,87,77,55,311,未登场,,160,0,0,207,188,249,0,蒋济,,,,,,32,128,病死,普通,能力,普通,普通,读书,普通,冷静,现状维持,努力,宫城,健康,×,,,0,,0,0,×,×
0,0,0,0,266,270,谯周,270,谯,,梓潼,梓潼,男,4,9,65,72,54,204,未登场,,280,0,0,220,201,270,0,谯周,,,,,,66,108,病死,轻视,名声,无视,不擅,读书,普通,慎重,现状维持,努力,宫城,健康,×,,,0,,0,0,×,×
0,0,0,0,267,352,蒋舒,352,蒋,,汉中,汉中,男,55,72,35,33,22,217,未登场,,160,0,0,244,225,290,0,蒋舒,,,,,,62,66,病死,轻视,名声,普通,普通,武艺,强欲,慎重,现状维持,普通,宫城,健康,×,,,0,,0,0,×,×
0,0,0,0,268,184,向宠,184,向,,襄阳,襄阳,男,74,59,76,67,71,347,未登场,,220,0,0,214,195,240,0,向朗,,,,,,79,147,其它,普通,实绩,重视,普通,武艺,无欲,冷静,州统一,努力,宫城,健康,×,,,0,,0,0,×,×
0,0,0,0,269,629,邵悌,629,邵,,平原,平原,男,22,16,78,65,59,240,未登场,,140,0,0,243,224,268,0,邵悌,,,,,,31,127,病死,普通,能力,普通,普通,读书,普通,冷静,州统一,适当,宫城,健康,×,,,0,,0,0,×,×
0,0,0,0,270,539,蒋班,539,蒋,,寿春,寿春,男,56,73,66,41,52,288,未登场,,80,0,0,246,227,282,0,蒋班,,,,,,135,53,病死,普通,任意,普通,普通,武艺,普通,莽撞,州统一,普通,宫城,健康,×,,,0,,0,0,×,×
0,0,0,0,271,608,蒋斌,608,蒋,,零陵,零陵,男,30,28,67,74,71,270,未登场,,120,0,0,230,216,263,0,蒋琬,蒋琬,,,,,78,18,其它,普通,任意,普通,普通,读书,普通,慎重,州统一,适当,宫城,健康,×,,,0,,0,0,×,×
0,0,0,0,272,198,钟繇,198,钟,,许昌,许昌,男,70,26,78,92,72,338,未发现,在野,400,0,0,184,151,230,0,钟繇,,,,,,22,47,病死,普通,能力,普通,不擅,读书,无欲,冷静,地方统一,努力,工房,健康,×,,,0,,0,0,×,×
0,0,0,0,273,707,钟离牧,707,钟,,会稽,会稽,男,84,68,75,61,73,361,未登场,,100,0,0,233,214,269,0,钟离牧,,,,,,121,73,病死,重视,能力,普通,擅长,武艺,无欲,刚胆,地方统一,努力,宫城,健康,×,,,0,,0,0,×,×
0,0,0,0,274,353,向朗,353,向,,襄阳,襄阳,男,28,15,71,74,70,258,未登场,,200,0,0,186,167,247,0,向朗,,,,,,79,144,病死,普通,实绩,普通,普通,读书,普通,冷静,现状维持,努力,宫城,健康,×,,,0,,0,0,×,×
0,0,0,0,275,265,徐荣,265,徐,董卓,天水,天水,男,82,73,64,47,45,311,已登场,一般,180,1500,98,184,147,190,175,徐荣,,,,,,142,97,其它,普通,能力,普通,擅长,武艺,普通,莽撞,地方统一,适当,驻所,健康,×,,,0,,0,0,×,×
0,0,0,0,276,94,诸葛恪,94,诸,,小沛,小沛,男,72,46,90,80,49,337,未登场,,140,0,0,217,203,253,0,诸葛亮,诸葛瑾,,,,,121,14,其它,轻视,能力,无视,擅长,收集,强欲,莽撞,中华统一,适当,宫城,健康,×,,,0,,0,0,×,×
0,0,0,0,277,708,诸葛乔,708,诸,,小沛,小沛,男,55,17,77,67,75,291,未登场,,140,0,0,218,204,228,0,诸葛亮,诸葛瑾,,,,,81,2,病死,义士,任意,重视,不擅,读书,无欲,冷静,现状维持,努力,宫城,健康,×,,,0,,0,0,×,×
0,0,0,0,278,46,诸葛瑾,46,诸,,小沛,小沛,男,75,35,81,89,88,368,未登场,,140,0,0,193,174,241,0,诸葛亮,2284,,,,,121,2,病死,义士,实绩,重视,普通,读书,无欲,冷静,地方统一,努力,宫城,健康,×,,,0,,0,0,×,×
0,0,0,0,279,298,诸葛均,298,诸,,小沛,小沛,男,29,30,56,65,66,246,未登场,,100,0,0,207,185,252,0,诸葛亮,2284,,,,,76,2,病死,普通,任意,重视,普通,读书,无欲,冷静,现状维持,努力,宫城,健康,×,,,0,,0,0,×,×
0,0,0,0,280,607,诸葛绪,607,诸,,下邳,下邳,男,45,43,27,48,50,213,未登场,,140,0,0,237,218,286,0,诸葛绪,,,,,,40,120,病死,普通,任意,普通,普通,收集,普通,慎重,州统一,适当,宫城,健康,×,,,0,,0,0,×,×
0,0,0,0,281,285,诸葛尚,285,诸,,小沛,小沛,男,54,73,55,55,68,305,未登场,,100,0,0,253,246,263,0,诸葛亮,诸葛瞻,,,,,75,3,其它,义士,任意,普通,普通,读书,无欲,莽撞,中华统一,努力,宫城,健康,×,,,0,,0,0,×,×
0,0,0,0,282,354,诸葛靓,354,诸,,小沛,小沛,男,58,65,67,57,68,315,未登场,,140,0,0,253,241,300,0,诸葛亮,诸葛诞,,,,,135,24,病死,普通,实绩,普通,普通,收集,普通,刚胆,现状维持,努力,宫城,健康,×,,,0,,0,0,×,×
0,0,0,0,283,185,诸葛瞻,185,诸,,小沛,小沛,男,68,61,72,61,70,332,未登场,,100,0,0,241,227,263,0,诸葛亮,诸葛亮,,,,,75,3,其它,义士,任意,重视,普通,读书,无欲,刚胆,地方统一,努力,宫城,健康,×,,,0,,0,0,×,×
0,0,0,0,284,95,诸葛诞,95,诸,,小沛,小沛,男,81,71,75,66,82,375,未登场,,140,0,0,225,206,258,0,诸葛亮,,,,,,135,24,其它,轻视,能力,重视,普通,武艺,无欲,刚胆,中华统一,普通,宫城,健康,×,,,0,,0,0,×,×
0,0,0,0,285,45,诸葛亮,45,诸,,小沛,小沛,男,93,37,100,98,92,420,未登场,,140,0,0,207,181,234,0,诸葛亮,2284,,,,,75,3,病死,义士,义理,重视,普通,读书,无欲,冷静,中华统一,努力,宫城,健康,×,,,0,,0,0,×,×
0,0,0,0,286,37,徐晃,37,徐,,河内,河内,男,89,89,74,52,73,377,未登场,,120,0,0,188,165,228,0,徐晃,,,,,,23,35,其它,重视,能力,普通,擅长,武艺,无欲,冷静,中华统一,普通,宫城,健康,×,,,0,,0,0,×,×
0,0,0,0,287,361,徐质,361,徐,,安定,安定,男,54,80,24,18,43,219,未登场,,60,0,0,226,207,253,0,徐质,,,,,,23,74,其它,普通,实绩,普通,普通,收集,普通,莽撞,州统一,适当,宫城,健康,×,,,0,,0,0,×,×
0,0,0,0,288,39,徐庶,39,徐,,许昌,许昌,男,80,64,94,80,81,399,未登场,,120,0,0,206,178,232,0,徐庶,,,,,,75,45,病死,重视,能力,普通,擅长,武艺,无欲,冷静,中华统一,普通,宫城,健康,×,,,0,,0,0,×,×
0,0,0,0,289,125,徐盛,125,徐,,下邳,下邳,男,87,81,77,62,70,377,未登场,,140,0,0,196,177,234,0,徐盛,,,,,,124,68,病死,重视,义理,重视,普通,读书,普通,刚胆,中华统一,努力,宫城,健康,×,,,0,,0,0,×,×
0,0,0,0,290,511,徐邈,511,徐,,蓟,蓟,男,55,32,70,84,80,321,未登场,,160,0,0,190,171,249,0,徐邈,,,,,,35,67,病死,普通,任意,普通,擅长,读书,普通,冷静,现状维持,适当,宫城,健康,×,,,0,,0,0,×,×
0,0,0,0,291,358,沈莹,358,沈,,建业,建业,男,76,81,61,44,68,330,未登场,,160,0,0,253,235,280,0,沈莹,,,,,,126,35,其它,重视,义理,普通,普通,武艺,普通,莽撞,中华统一,适当,宫城,健康,×,,,0,,0,0,×,×
0,0,0,0,292,457,申仪,457,申,,上庸,上庸,男,57,61,59,57,47,281,未登场,,120,0,0,209,190,252,0,申耽,2294,,,,,37,119,病死,轻视,名声,无视,普通,读书,强欲,慎重,现状维持,适当,宫城,健康,×,,,0,,0,0,×,×
0,0,0,0,293,289,岑昏,289,岑,,建业,建业,男,1,2,30,7,2,42,未登场,,20,0,0,253,239,280,0,岑昏,,,,,,114,101,其它,无视,名声,无视,擅长,收集,强欲,慎重,现状维持,普通,宫城,健康,×,,,0,,0,0,×,×
0,0,0,0,294,550,辛敞,550,辛,,许昌,许昌,男,51,29,46,70,68,264,未登场,,340,0,0,224,210,272,0,辛评,辛毗,,,,,29,37,病死,普通,任意,普通,普通,武艺,普通,慎重,现状维持,适当,宫城,健康,×,,,0,,0,0,×,×
0,0,0,0,295,359,申耽,359,申,,上庸,上庸,男,56,62,54,58,45,275,未登场,,120,0,0,207,188,254,0,申耽,2294,,,,,37,119,病死,轻视,名声,无视,普通,读书,普通,慎重,现状维持,适当,宫城,健康,×,,,0,,0,0,×,×
0,0,0,0,296,96,审配,96,审,,邺,邺,男,83,61,83,73,70,370,未发现,在野,280,0,0,184,156,204,0,审配,,,,,,101,77,其它,义士,义理,重视,擅长,收集,无欲,冷静,中华统一,努力,驻所,健康,×,,,0,,0,0,×,×
0,0,0,0,297,186,辛毗,186,辛,,许昌,许昌,男,38,25,78,83,76,300,未登场,,340,0,0,189,171,240,0,辛评,2297,,,,,29,51,病死,普通,实绩,重视,普通,读书,普通,冷静,中华统一,努力,宫城,健康,×,,,0,,0,0,×,×
0,0,0,0,298,158,辛评,158,辛,,许昌,许昌,男,71,54,74,75,67,341,未发现,在野,340,0,0,184,165,204,0,辛评,2297,,,,,85,51,其它,重视,任意,普通,普通,武艺,普通,冷静,地方统一,适当,酒家,健康,×,,,0,,0,0,×,×
0,0,0,0,299,360,秦宓,360,秦,,成都,成都,男,12,6,70,71,76,235,未登场,,200,0,0,192,160,226,0,秦宓,,,,,,66,114,病死,重视,名声,普通,擅长,读书,无欲,冷静,州统一,普通,宫城,健康,×,,,0,,0,0,×,×
0,0,0,0,300,640,秦朗,640,秦,,晋阳,晋阳,男,57,70,38,16,39,220,未登场,,160,0,0,211,192,234,0,秦朗,,,,,,25,28,其它,轻视,任意,普通,擅长,武艺,普通,刚胆,州统一,普通,宫城,健康,×,,,0,,0,0,×,×
0,0,0,0,301,709,眭元进,709,眭,,南皮,南皮,男,53,63,38,21,45,220,未发现,在野,80,0,0,184,155,200,0,眭元进,,,,,,98,59,其它,普通,任意,普通,擅长,武艺,普通,莽撞,州统一,适当,市场,健康,×,,,0,,0,0,×,×
0,0,0,0,302,470,眭固,470,眭,张角,邺,邺,男,61,72,40,7,21,201,已登场,一般,40,7000,94,184,151,199,184,眭固,,,,,,8,76,其它,无视,任意,无视,擅长,收集,强欲,莽撞,现状维持,无视,农地,健康,×,,,0,,0,0,×,×
0,0,0,0,303,514,邹靖,514,邹,刘焉,蓟,蓟,男,67,65,66,54,68,320,已登场,一般,160,10000,98,184,144,193,175,邹靖,,,,,,71,45,病死,普通,任意,重视,擅长,收集,无欲,冷静,州统一,普通,工房,健康,×,,,0,,0,0,×,×
0,0,0,0,304,551,邹丹,551,邹,公孙瓒,北平,北平,男,63,71,36,38,40,248,已登场,一般,180,0,91,184,148,193,184,邹丹,,,,,,65,70,其它,普通,名声,普通,普通,收集,强欲,刚胆,州统一,普通,农地,健康,×,,,0,,0,0,×,×
0,0,0,0,305,362,成宜,362,成,韩遂,西平,西平,男,64,71,40,45,52,272,已登场,一般,180,0,95,184,168,211,184,成宜,,,,,,69,80,其它,轻视,实绩,无视,擅长,收集,普通,刚胆,州统一,适当,城墙,健康,×,,,0,,0,0,×,×
0,0,0,0,306,710,成公英,710,成,,西平,西平,男,73,58,80,70,68,349,未登场,,160,0,0,189,172,220,0,成公英,,,,,,36,81,病死,普通,能力,无视,擅长,收集,普通,刚胆,地方统一,普通,宫城,健康,×,,,0,,0,0,×,×
0,0,0,0,307,552,盛曼,552,盛,,江陵,江陵,男,61,69,66,51,58,305,未登场,,160,0,0,244,225,276,0,盛曼,,,,,,126,141,病死,普通,实绩,普通,普通,武艺,普通,刚胆,现状维持,普通,宫城,健康,×,,,0,,0,0,×,×
0,0,0,0,308,462,石苞,462,石,,南皮,南皮,男,71,67,58,53,62,311,未登场,,200,0,0,233,214,272,0,石苞,,,,,,32,125,病死,普通,能力,普通,普通,武艺,普通,刚胆,现状维持,普通,宫城,健康,×,,,0,,0,0,×,×
0,0,0,0,309,474,薛莹,474,薛,,小沛,小沛,男,24,12,65,77,60,238,未登场,,300,0,0,237,223,282,0,薛综,薛综,,,,,131,131,病死,普通,名声,普通,普通,收集,普通,慎重,州统一,适当,宫城,健康,×,,,0,,0,0,×,×
0,0,0,0,310,559,薛,559,薛,,小沛,小沛,男,16,14,71,76,62,239,未登场,,300,0,0,235,221,271,0,薛综,薛综,,,,,128,145,病死,普通,实绩,重视,普通,读书,普通,冷静,州统一,普通,宫城,健康,×,,,0,,0,0,×,×
0,0,0,0,311,363,薛综,363,薛,,小沛,小沛,男,34,16,72,80,64,266,未登场,,300,0,0,206,187,243,0,薛综,,,,,,128,145,病死,普通,名声,重视,不擅,读书,普通,慎重,现状维持,努力,宫城,健康,×,,,0,,0,0,×,×
0,0,0,0,312,475,全t,475,全,,吴,吴,男,61,66,45,34,56,262,未登场,,360,0,0,244,230,274,0,全琮,全端,,,,,130,143,病死,普通,任意,普通,擅长,收集,普通,刚胆,地方统一,适当,宫城,健康,×,,,0,,0,0,×,×
0,0,0,0,313,558,全怿,558,全,,吴,吴,男,60,62,37,46,54,259,未登场,,360,0,0,226,212,265,0,全琮,全琮,,,,,130,143,病死,普通,任意,普通,擅长,武艺,普通,慎重,现状维持,普通,宫城,健康,×,,,0,,0,0,×,×
0,0,0,0,314,648,全纪,648,全,,吴,吴,男,51,69,55,70,64,309,未登场,,360,0,0,245,231,258,0,全琮,全尚,,,,,128,49,其它,普通,义理,普通,擅长,读书,普通,刚胆,州统一,努力,宫城,健康,×,,,0,,0,0,×,×
0,0,0,0,315,510,单经,510,单,公孙瓒,北平,北平,男,70,63,44,48,55,280,已登场,一般,160,500,93,184,156,199,183,单经,,,,,,64,58,病死,普通,实绩,普通,普通,收集,普通,莽撞,州统一,普通,农地,健康,×,,,0,,0,0,×,×
0,0,0,0,316,649,全尚,649,全,,吴,吴,男,5,6,11,38,56,116,未登场,,360,0,0,227,208,258,0,全琮,,,,,,128,55,其它,轻视,名声,普通,普通,收集,强欲,慎重,州统一,普通,宫城,健康,×,,,0,,0,0,×,×
0,0,0,0,317,249,全琮,249,全,,吴,吴,男,79,70,73,72,64,358,未登场,,360,0,0,202,183,249,0,全琮,,,,,,128,143,病死,普通,实绩,普通,擅长,收集,普通,刚胆,中华统一,适当,宫城,健康,×,,,0,,0,0,×,×
0,0,0,0,318,476,全端,476,全,,吴,吴,男,64,65,38,39,57,263,未登场,,360,0,0,218,204,261,0,全琮,全琮,,,,,130,143,病死,轻视,名声,普通,擅长,收集,强欲,慎重,现状维持,普通,宫城,健康,×,,,0,,0,0,×,×
0,0,0,0,319,364,曹宇,364,曹,,陈留,陈留,男,49,44,35,52,60,240,未登场,,120,0,0,213,199,260,0,曹操,曹操,,,,,26,1,病死,普通,义理,普通,不擅,读书,无欲,慎重,现状维持,努力,宫城,健康,×,,,0,,0,0,×,×
0,0,0,0,320,59,曹,59,曹,,陈留,陈留,男,75,48,84,82,90,379,未登场,,120,0,0,219,205,239,0,曹操,曹丕,,,,,25,16,病死,普通,能力,无视,擅长,收集,强欲,冷静,中华统一,适当,宫城,健康,×,,,0,,0,0,×,×
0,0,0,0,321,277,曹奂,277,曹,,陈留,陈留,男,14,13,31,40,64,162,未登场,,120,0,0,253,246,302,0,曹操,曹宇,,,,,26,137,病死,普通,任意,普通,普通,收集,普通,慎重,中华统一,普通,宫城,健康,×,,,0,,0,0,×,×
0,0,0,0,322,365,曹羲,365,曹,,陈留,陈留,男,30,26,58,64,45,223,未登场,,120,0,0,224,210,249,0,曹操,曹真,,,,,19,22,其它,普通,义理,普通,不擅,读书,普通,慎重,现状维持,努力,宫城,健康,×,,,0,,0,0,×,×
0,0,0,0,323,97,曹休,97,曹,,陈留,陈留,男,76,75,63,59,69,342,未登场,,140,0,0,189,174,228,0,曹操,,,,,,26,133,病死,普通,实绩,普通,擅长,武艺,普通,莽撞,中华统一,普通,宫城,健康,×,,,0,,0,0,×,×
0,0,0,0,324,366,曹训,366,曹,,陈留,陈留,男,19,37,7,13,26,102,未登场,,120,0,0,226,212,249,0,曹操,曹真,,,,,19,22,其它,轻视,名声,普通,擅长,收集,强欲,慎重,中华统一,无视,宫城,健康,×,,,0,,0,0,×,×
0,0,0,0,325,367,宋宪,367,宋,丁原,晋阳,晋阳,男,69,78,36,28,29,240,已登场,一般,120,500,93,184,157,200,183,宋宪,,,,,,147,30,其它,轻视,能力,无视,擅长,收集,强欲,莽撞,地方统一,适当,驻所,健康,×,,,0,,0,0,×,×
0,0,0,0,326,595,宋谦,595,宋,,庐江,庐江,男,61,78,44,39,64,286,未登场,,160,0,0,194,175,215,0,宋谦,,,,,,123,14,其它,普通,任意,普通,普通,武艺,普通,刚胆,州统一,普通,宫城,健康,×,,,0,,0,0,×,×
0,0,0,0,327,187,曹昂,187,曹,,陈留,陈留,男,74,62,68,74,77,355,未登场,,120,0,0,189,175,197,0,曹操,曹操,,,,,25,27,其它,义士,能力,普通,不擅,武艺,普通,刚胆,中华统一,努力,宫城,健康,×,,,0,,0,0,×,×
0,0,0,0,328,47,曹洪,47,曹,,陈留,陈留,男,82,80,47,40,54,303,未登场,,160,0,0,188,169,232,0,曹操,,,,,,24,33,病死,普通,名声,普通,擅长,收集,强欲,莽撞,中华统一,适当,宫城,健康,×,,,0,,0,0,×,×
0,0,0,0,329,368,曹纯,368,曹,,陈留,陈留,男,76,71,62,43,75,327,未登场,,140,0,0,189,170,210,0,曹操,2332,,,,,25,34,病死,重视,实绩,普通,普通,武艺,普通,莽撞,中华统一,适当,宫城,健康,×,,,0,,0,0,×,×
0,0,0,0,330,21,曹彰,21,曹,,陈留,陈留,男,84,88,39,30,68,309,未登场,,120,0,0,204,190,223,0,曹操,曹操,,,,,25,48,病死,普通,能力,普通,擅长,武艺,无欲,莽撞,中华统一,适当,宫城,健康,×,,,0,,0,0,×,×
0,0,0,0,331,48,曹植,48,曹,,陈留,陈留,男,20,22,85,70,79,276,未登场,,120,0,0,206,192,232,0,曹操,曹操,,,,,25,16,病死,普通,名声,普通,擅长,读书,强欲,冷静,中华统一,无视,宫城,健康,×,,,0,,0,0,×,×
0,0,0,0,332,98,曹真,98,曹,,陈留,陈留,男,88,72,67,71,87,385,未登场,,140,0,0,204,185,231,0,曹操,,,,,,26,140,病死,义士,能力,普通,普通,武艺,无欲,刚胆,中华统一,努力,宫城,健康,×,,,0,,0,0,×,×
0,0,0,0,333,24,曹仁,24,曹,,陈留,陈留,男,90,88,60,53,80,371,未登场,,160,0,0,187,168,223,0,曹操,2332,,,,,25,34,病死,重视,能力,普通,普通,武艺,无欲,刚胆,中华统一,普通,宫城,健康,×,,,0,,0,0,×,×
0,0,0,0,334,369,曹性,369,曹,,晋阳,晋阳,男,55,74,39,28,34,230,未发现,在野,120,0,0,184,163,198,0,曹性,,,,,,147,92,其它,轻视,任意,无视,擅长,收集,强欲,莽撞,州统一,适当,工房,健康,×,,,0,,0,0,×,×
0,0,0,0,335,60,曹操,60,曹,何进,洛阳,洛阳,男,99,71,92,96,96,454,已登场,一般,240,2000,92,184,155,220,174,曹操,,,,,,25,25,病死,普通,能力,普通,擅长,读书,普通,冷静,中华统一,努力,城墙,健康,×,,,0,,0,0,×,×
0,0,0,0,336,99,曹爽,99,曹,,陈留,陈留,男,37,34,30,69,48,218,未登场,,120,0,0,221,207,249,0,曹操,曹真,,,,,19,22,其它,轻视,名声,无视,擅长,收集,强欲,慎重,中华统一,无视,宫城,健康,×,,,0,,0,0,×,×
0,0,0,0,337,561,曹冲,561,曹,,陈留,陈留,男,14,7,80,74,77,252,未登场,,120,0,0,207,196,208,0,曹操,曹操,,,,,25,25,病死,重视,任意,普通,不擅,读书,无欲,冷静,中华统一,普通,宫城,健康,×,,,0,,0,0,×,×
0,0,0,0,338,261,臧霸,261,臧,,濮阳,濮阳,男,73,72,49,56,69,319,未发现,在野,100,0,0,184,165,231,0,臧霸,,,,,,17,57,病死,普通,实绩,无视,普通,武艺,普通,莽撞,州统一,适当,市场,健康,×,,,0,,0,0,×,×
0,0,0,0,339,61,曹丕,61,曹,,陈留,陈留,男,64,70,86,87,84,391,未登场,,120,0,0,200,187,226,0,曹操,曹操,,,,,26,115,病死,普通,能力,无视,普通,读书,普通,冷静,中华统一,普通,宫城,健康,×,,,0,,0,0,×,×
0,0,0,0,340,281,曹豹,281,曹,,下邳,下邳,男,55,70,34,23,26,208,未发现,在野,120,0,0,184,151,196,0,曹豹,,,,,,84,88,其它,轻视,任意,普通,不擅,收集,普通,慎重,现状维持,适当,城墙,健康,×,,,0,,0,0,×,×
0,0,0,0,341,275,曹芳,275,曹,,陈留,陈留,男,3,8,28,54,71,164,未登场,,120,0,0,239,232,274,0,曹操,曹,,,,,26,103,病死,普通,任意,无视,擅长,收集,强欲,慎重,中华统一,无视,宫城,健康,×,,,0,,0,0,×,×
0,0,0,0,342,276,曹髦,276,曹,,陈留,陈留,男,57,43,59,72,76,307,未登场,,120,0,0,253,241,260,0,曹操,,,,,,24,23,其它,普通,任意,无视,不擅,读书,普通,莽撞,中华统一,适当,宫城,健康,×,,,0,,0,0,×,×
0,0,0,0,343,274,曹熊,274,曹,,陈留,陈留,男,7,3,53,65,67,195,未登场,,120,0,0,209,194,220,0,曹操,曹操,,,,,25,9,病死,普通,任意,普通,不擅,读书,无欲,慎重,现状维持,努力,宫城,健康,×,,,0,,0,0,×,×
0,0,0,0,344,562,沮鹄,562,沮,,邺,邺,男,57,53,67,66,71,314,未登场,,200,0,0,198,184,204,0,沮授,沮授,,,,,96,111,其它,普通,任意,普通,普通,读书,普通,冷静,地方统一,普通,宫城,健康,×,,,0,,0,0,×,×
0,0,0,0,345,100,沮授,100,沮,,邺,邺,男,79,37,88,90,76,370,未发现,在野,400,0,0,184,156,201,0,沮授,,,,,,96,112,其它,重视,能力,重视,不擅,读书,普通,冷静,中华统一,努力,驻所,健康,×,,,0,,0,0,×,×
0,0,0,0,346,370,苏飞,370,苏,,江夏,江夏,男,67,62,67,66,66,328,未登场,,140,0,0,191,172,221,0,苏飞,,,,,,129,71,病死,普通,任意,普通,擅长,收集,无欲,冷静,州统一,普通,宫城,健康,×,,,0,,0,0,×,×
0,0,0,0,347,371,祖茂,371,祖,孙坚,下邳,下邳,男,70,74,62,55,63,324,已登场,一般,160,1000,150,184,155,190,184,祖茂,,,,,,127,38,其它,重视,义理,普通,擅长,收集,普通,刚胆,中华统一,普通,酒家,健康,×,,,0,,0,0,×,×
0,0,0,0,348,570,苏由,570,苏,,邺,邺,男,51,61,48,35,46,241,未发现,在野,160,0,0,184,164,210,0,苏由,,,,,,46,8,病死,轻视,任意,普通,普通,收集,普通,慎重,现状维持,普通,城墙,健康,×,,,0,,0,0,×,×
0,0,0,0,349,183,孙异,183,孙,,吴,吴,男,72,68,57,63,59,319,未登场,,100,0,0,237,223,272,0,孙坚,孙韶,,,,,122,12,病死,普通,任意,普通,普通,武艺,普通,刚胆,地方统一,普通,宫城,健康,×,,,0,,0,0,×,×
0,0,0,0,350,287,孙和,287,孙,,吴,吴,男,23,31,67,73,70,264,未登场,,100,0,0,238,224,253,0,孙坚,孙权,,,,,125,147,其它,普通,义理,普通,擅长,读书,普通,刚胆,中华统一,努力,宫城,健康,×,,,0,,0,0,×,×
0,0,0,0,351,214,孙桓,214,孙,,吴,吴,男,79,73,77,68,78,375,未登场,,100,0,0,216,197,228,0,孙坚,,,,,,127,49,病死,重视,能力,普通,擅长,武艺,普通,冷静,中华统一,普通,宫城,健康,×,,,0,,0,0,×,×
0,0,0,0,352,609,孙冀,609,孙,,吴,吴,男,62,65,52,60,66,305,未登场,,80,0,0,246,227,278,0,孙冀,,,,,,116,106,病死,普通,实绩,普通,普通,收集,普通,慎重,现状维持,适当,宫城,健康,×,,,0,,0,0,×,×
0,0,0,0,353,188,孙休,188,孙,,吴,吴,男,57,42,79,75,83,336,未登场,,100,0,0,249,235,264,0,孙坚,孙权,,,,,125,148,病死,普通,实绩,普通,擅长,读书,普通,冷静,中华统一,努力,宫城,健康,×,,,0,,0,0,×,×
0,0,0,0,354,372,孙匡,372,孙,,吴,吴,男,42,52,47,64,56,261,未登场,,100,0,0,200,186,207,0,孙坚,孙坚,吴国太,,,,125,34,病死,普通,任意,重视,擅长,收集,普通,慎重,中华统一,普通,宫城,健康,×,,,0,,0,0,×,×
0,0,0,0,355,373,孙歆,373,孙,,吴,吴,男,68,70,38,40,35,251,未登场,,100,0,0,249,235,280,0,孙坚,2354,,,,,117,74,其它,普通,任意,普通,擅长,武艺,强欲,刚胆,中华统一,普通,宫城,健康,×,,,0,,0,0,×,×
0,0,0,0,356,62,孙坚,62,孙,孙坚,下邳,下邳,男,98,89,77,72,91,427,已登场,君主,240,0,100,184,156,192,174,孙坚,2355,,,,,126,38,其它,重视,能力,重视,擅长,武艺,普通,刚胆,中华统一,努力,宫城,健康,×,,,0,,0,0,×,×
0,0,0,0,357,159,孙乾,159,孙,,北海,北海,男,30,35,72,87,88,312,未发现,在野,160,0,0,184,165,215,0,孙乾,,,,,,76,30,病死,重视,义理,重视,擅长,读书,普通,冷静,地方统一,努力,市场,健康,×,,,0,,0,0,×,×
0,0,0,0,358,64,孙权,64,孙,,吴,吴,男,76,68,83,89,94,410,未登场,,100,0,0,196,182,252,0,孙坚,孙坚,吴国太,,,,125,15,病死,普通,能力,普通,擅长,读书,普通,刚胆,中华统一,普通,宫城,健康,×,,,0,,0,0,×,×
0,0,0,0,359,272,孙皓,272,孙,,吴,吴,男,13,28,30,5,4,80,未登场,,100,0,0,253,242,284,0,孙坚,孙和,,,,,114,99,病死,无视,名声,普通,擅长,收集,强欲,慎重,中华统一,无视,宫城,健康,×,,,0,,0,0,×,×
0,0,0,0,360,711,孙皎,711,孙,,吴,吴,男,77,60,69,71,75,352,未登场,,100,0,0,200,181,219,0,孙坚,孙静,,,,,126,5,病死,普通,实绩,普通,普通,武艺,普通,刚胆,中华统一,普通,宫城,健康,×,,,0,,0,0,×,×
0,0,0,0,361,63,孙策,63,孙,,吴,吴,男,95,90,69,66,92,412,未登场,,100,0,0,189,175,200,0,孙坚,孙坚,吴国太,,孙策,,125,50,其它,重视,能力,普通,擅长,武艺,普通,刚胆,中华统一,适当,宫城,健康,×,,,0,,0,0,×,×
0,0,0,0,362,210,孙秀,210,孙,,吴,吴,男,55,52,53,58,67,285,未登场,,100,0,0,249,235,299,0,孙坚,,,,,,130,144,病死,普通,任意,普通,普通,收集,普通,慎重,中华统一,适当,宫城,健康,×,,,0,,0,0,×,×
0,0,0,0,363,374,孙峻,374,孙,,吴,吴,男,67,72,68,28,10,245,未登场,,100,0,0,238,219,256,0,孙坚,,,,,,115,89,病死,无视,名声,无视,擅长,武艺,强欲,慎重,中华统一,无视,宫城,健康,×,,,0,,0,0,×,×
0,0,0,0,364,375,孙韶,375,孙,,吴,吴,男,82,78,73,68,73,374,未登场,,100,0,0,207,188,241,0,孙坚,,,,,,124,17,病死,普通,能力,普通,擅长,武艺,强欲,刚胆,中华统一,适当,宫城,健康,×,,,0,,0,0,×,×
0,0,0,0,365,572,孙震,572,孙,,吴,吴,男,64,71,48,42,54,279,未登场,,100,0,0,253,234,280,0,孙坚,2354,,,,,125,24,其它,普通,任意,普通,普通,武艺,普通,刚胆,中华统一,适当,宫城,健康,×,,,0,,0,0,×,×
0,0,0,0,366,376,孙静,376,孙,孙坚,下邳,下邳,男,66,51,75,74,71,337,已登场,一般,140,3000,150,184,160,206,182,孙坚,2355,,,,,126,42,病死,普通,实绩,普通,不擅,读书,无欲,冷静,中华统一,努力,市场,健康,×,,,0,,0,0,×,×
0,0,0,0,367,526,孙仲,526,孙,张角,邺,邺,男,65,73,37,6,11,192,已登场,一般,100,13000,97,184,154,184,184,孙仲,,,,,,7,94,其它,轻视,任意,无视,擅长,收集,强欲,莽撞,地方统一,适当,城墙,健康,×,,,0,,0,0,×,×
0,0,0,0,368,378,孙D,378,孙,,吴,吴,男,25,40,65,8,6,144,未登场,,100,0,0,250,231,258,0,孙坚,,,,,,115,89,其它,无视,名声,无视,擅长,收集,强欲,慎重,中华统一,无视,宫城,健康,×,,,0,,0,0,×,×
0,0,0,0,369,286,孙登,286,孙,,吴,吴,男,59,39,79,74,84,335,未登场,,100,0,0,223,209,241,0,孙坚,孙权,,,,,125,13,病死,重视,义理,重视,不擅,读书,无欲,冷静,中华统一,努力,宫城,健康,×,,,0,,0,0,×,×
0,0,0,0,370,379,孙瑜,379,孙,,吴,吴,男,75,64,68,72,73,352,未登场,,100,0,0,191,177,215,0,孙坚,孙静,,,,,125,23,病死,普通,任意,普通,不擅,读书,普通,冷静,中华统一,适当,宫城,健康,×,,,0,,0,0,×,×
0,0,0,0,371,215,孙翊,215,孙,,吴,吴,男,69,75,26,15,30,215,未登场,,100,0,0,198,184,204,0,孙坚,孙坚,吴国太,,,,125,102,其它,普通,任意,普通,擅长,收集,强欲,莽撞,中华统一,适当,宫城,健康,×,,,0,,0,0,×,×
0,0,0,0,372,216,孙亮,216,孙,,吴,吴,男,24,10,74,76,69,253,未登场,,100,0,0,253,243,260,0,孙坚,孙权,,,,,125,52,其它,普通,实绩,普通,擅长,读书,普通,冷静,中华统一,努力,宫城,健康,×,,,0,,0,0,×,×
0,0,0,0,373,380,孙礼,380,孙,,蓟,蓟,男,76,81,62,75,74,368,未登场,,160,0,0,199,180,250,0,孙礼,,,,,,20,6,病死,普通,实绩,普通,不擅,读书,无欲,刚胆,地方统一,努力,宫城,健康,×,,,0,,0,0,×,×
0,0,0,0,374,381,孙朗,381,孙,,吴,吴,男,34,46,33,43,42,198,未登场,,100,0,0,201,187,226,0,孙坚,孙坚,吴国太,,,,125,58,病死,普通,任意,普通,擅长,收集,强欲,慎重,中华统一,普通,宫城,健康,×,,,0,,0,0,×,×
0,0,0,0,375,482,太史享,482,太,,北海,北海,男,57,66,50,61,58,292,未登场,,160,0,0,207,189,246,0,太史慈,太史慈,,,,,124,46,病死,普通,任意,普通,普通,收集,普通,刚胆,地方统一,适当,宫城,健康,×,,,0,,0,0,×,×
0,0,0,0,376,22,太史慈,22,太,,北海,北海,男,81,90,67,59,79,376,未登场,,240,0,0,185,166,209,0,太史慈,,,,,,124,46,其它,重视,能力,普通,普通,武艺,普通,刚胆,中华统一,普通,宫城,健康,×,,,0,,0,0,×,×
0,0,0,0,377,138,带来洞主,138,带,,建宁,建宁,男,51,56,55,44,65,271,未登场,,60,0,0,217,195,249,0,祝融,2245,,,,,60,86,病死,普通,实绩,普通,擅长,收集,普通,慎重,州统一,努力,宫城,健康,×,,,0,,0,0,×,×
0,0,0,0,378,560,戴陵,560,戴,,安定,安定,男,64,75,45,36,51,271,未登场,,160,0,0,218,199,258,0,戴陵,,,,,,28,141,病死,普通,名声,无视,擅长,收集,普通,莽撞,州统一,适当,宫城,健康,×,,,0,,0,0,×,×
0,0,0,0,379,139,朵思大王,139,朵,,云南,云南,男,54,60,70,57,51,292,未登场,,80,0,0,217,186,225,0,朵思大王,,,,,,60,86,其它,普通,实绩,普通,擅长,读书,普通,冷静,州统一,努力,宫城,健康,×,,,0,,0,0,×,×
0,0,0,0,380,230,谭雄,230,谭,,武陵,武陵,男,59,73,17,19,36,204,未登场,,120,0,0,207,188,221,0,谭雄,,,,,,132,73,其它,普通,任意,无视,普通,武艺,普通,莽撞,州统一,普通,宫城,健康,×,,,0,,0,0,×,×
0,0,0,0,381,290,张允,290,张,,襄阳,襄阳,男,73,68,54,53,49,297,未登场,,240,0,0,187,163,208,0,张允,,,,,,36,105,其它,轻视,名声,普通,擅长,武艺,强欲,慎重,地方统一,适当,宫城,健康,×,,,0,,0,0,×,×
0,0,0,0,382,9,赵云,9,赵,,北平,北平,男,91,96,75,65,81,408,未登场,,80,0,0,187,168,229,0,赵云,,,,,,75,40,病死,义士,能力,重视,普通,武艺,无欲,刚胆,中华统一,努力,宫城,健康,×,,,0,,0,0,×,×
0,0,0,0,383,383,张卫,383,张,,汉中,汉中,男,73,68,53,49,65,308,未登场,,180,0,0,191,172,215,0,张鲁,2426,,,,,15,8,其它,普通,实绩,无视,不擅,收集,强欲,刚胆,地方统一,普通,宫城,健康,×,,,0,,0,0,×,×
0,0,0,0,384,385,张英,385,张,,建业,建业,男,75,72,34,35,53,269,未发现,在野,160,0,0,184,154,195,0,张英,,,,,,11,145,其它,普通,任意,普通,普通,收集,强欲,莽撞,州统一,适当,城墙,健康,×,,,0,,0,0,×,×
0,0,0,0,385,384,张燕,384,张,张角,邺,邺,男,82,80,54,55,61,332,已登场,太守,220,35000,94,184,153,210,184,张燕,,,,,,8,78,病死,普通,能力,无视,擅长,武艺,强欲,莽撞,州统一,适当,宫城,健康,×,,,0,,0,0,×,×
0,0,0,0,386,386,张横,386,张,,西平,西平,男,61,66,25,27,45,224,未登场,,100,0,0,197,178,211,0,张横,,,,,,48,76,其它,普通,任意,普通,擅长,收集,普通,莽撞,州统一,普通,宫城,健康,×,,,0,,0,0,×,×
0,0,0,0,387,387,张温,387,张,,吴,吴,男,17,11,68,77,77,250,未登场,,400,0,0,210,193,231,0,张温,,,,,,118,114,病死,普通,名声,重视,不擅,读书,强欲,冷静,现状维持,普通,宫城,健康,×,,,0,,0,0,×,×
0,0,0,0,388,477,张华,477,张,,蓟,蓟,男,34,26,81,77,62,280,未登场,,180,0,0,251,232,300,0,张华,,,,,,31,123,其它,轻视,实绩,普通,不擅,收集,普通,冷静,中华统一,普通,宫城,健康,×,,,0,,0,0,×,×
0,0,0,0,389,388,张],388,张,张宝,小沛,小沛,男,36,66,11,1,5,119,已登场,一般,20,1500,93,184,155,202,184,张],,,,,,7,97,病死,无视,实绩,无视,擅长,收集,强欲,慎重,地方统一,无视,工房,健康,×,,,0,,0,0,×,×
0,0,0,0,390,520,张角,520,张,张角,平原,平原,男,90,27,86,80,98,381,已登场,君主,420,0,100,184,140,184,184,张角,2389,,,,,7,93,病死,轻视,名声,无视,普通,读书,普通,冷静,中华统一,普通,宫城,健康,×,,,0,,0,0,×,×
0,0,0,0,391,391,张既,391,张,,长安,长安,男,77,35,79,86,87,364,未登场,,160,0,0,189,170,223,0,张既,,,,,,21,67,病死,重视,实绩,普通,不擅,读书,普通,冷静,地方统一,努力,宫城,健康,×,,,0,,0,0,×,×
0,0,0,0,392,273,张休,273,张,,下邳,下邳,男,56,28,74,77,73,308,未登场,,300,0,0,222,204,244,0,张昭,张昭,,,,,120,1,其它,普通,任意,普通,不擅,读书,普通,冷静,州统一,普通,宫城,健康,×,,,0,,0,0,×,×
0,0,0,0,393,553,张球,553,张,,汝南,汝南,男,69,71,47,30,45,262,未登场,,140,0,0,220,201,263,0,张球,,,,,,29,137,病死,普通,任意,普通,普通,武艺,普通,莽撞,州统一,适当,宫城,健康,×,,,0,,0,0,×,×
0,0,0,0,394,217,张嶷,217,张,,梓潼,梓潼,男,80,74,75,77,75,381,未登场,,180,0,0,209,190,254,0,张嶷,,,,,,68,72,其它,重视,义理,重视,擅长,武艺,无欲,冷静,地方统一,普通,宫城,健康,×,,,0,,0,0,×,×
0,0,0,0,395,389,张勋,389,张,,宛,宛,男,72,67,41,40,42,262,未发现,在野,200,0,0,184,156,206,0,张勋,,,,,,141,103,病死,普通,任意,普通,普通,收集,普通,刚胆,州统一,普通,驻所,健康,×,,,0,,0,0,×,×
0,0,0,0,396,390,张虎,390,张,,晋阳,晋阳,男,74,73,44,46,56,293,未登场,,60,0,0,209,195,240,0,张辽,张辽,,,,,23,136,病死,普通,任意,普通,普通,收集,普通,莽撞,州统一,普通,宫城,健康,×,,,0,,0,0,×,×
0,0,0,0,397,101,张,101,张,,下邳,下邳,男,24,14,86,95,82,301,未登场,,400,0,0,194,153,212,0,张,,,,,,122,19,病死,重视,义理,重视,不擅,读书,无欲,冷静,地方统一,努力,宫城,健康,×,,,0,,0,0,×,×
0,0,0,0,398,25,张A,25,张,何进,河内,河内,男,92,88,72,54,72,378,已登场,一般,100,0,93,184,167,231,184,张A,,,,,,27,135,其它,普通,能力,普通,普通,武艺,无欲,刚胆,中华统一,普通,市场,健康,×,,,0,,0,0,×,×
0,0,0,0,399,241,赵广,241,赵,,北平,北平,男,65,67,54,51,60,297,未登场,,80,0,0,224,210,263,0,赵云,赵云,,,,,75,39,其它,普通,义理,重视,不擅,读书,普通,刚胆,地方统一,普通,宫城,健康,×,,,0,,0,0,×,×
0,0,0,0,400,527,赵弘,527,赵,张宝,濮阳,濮阳,男,57,71,30,25,11,194,已登场,一般,80,18000,97,184,156,184,184,赵弘,,,,,,7,94,其它,轻视,任意,无视,擅长,收集,强欲,刚胆,州统一,适当,市场,健康,×,,,0,,0,0,×,×
0,0,0,0,401,392,张济,392,张,董卓,天水,天水,男,72,64,55,57,65,313,已登场,一般,160,11000,97,184,144,196,173,张济,,,邹氏,,,148,96,其它,普通,义理,无视,普通,武艺,强欲,刚胆,地方统一,适当,驻所,健康,×,,,0,,0,0,×,×
0,0,0,0,402,160,张绣,160,张,董卓,天水,天水,男,84,72,62,41,60,319,已登场,一般,140,500,92,184,154,207,182,张济,,,,,,148,70,病死,普通,能力,普通,擅长,收集,普通,刚胆,中华统一,适当,农地,健康,×,,,0,,0,0,×,×
0,0,0,0,403,630,张缉,630,张,,长安,长安,男,31,27,74,74,61,267,未登场,,160,0,0,215,196,254,0,张既,张既,,,,,20,67,其它,轻视,任意,普通,不擅,读书,无欲,慎重,现状维持,适当,宫城,健康,×,,,0,,0,0,×,×
0,0,0,0,404,631,张遵,631,张,,蓟,蓟,男,65,67,66,61,59,318,未登场,,100,0,0,238,224,263,0,张飞,张苞,,,,,75,37,其它,重视,义理,重视,擅长,武艺,普通,冷静,中华统一,普通,宫城,健康,×,,,0,,0,0,×,×
0,0,0,0,405,102,张昭,102,张,,下邳,下邳,男,35,9,84,97,80,305,未登场,,400,0,0,194,156,236,0,张昭,,,,,,120,118,病死,普通,名声,重视,擅长,读书,普通,慎重,地方统一,努力,宫城,健康,×,,,0,,0,0,×,×
0,0,0,0,406,50,张松,50,张,,成都,成都,男,15,12,88,82,19,216,未登场,,160,0,0,189,170,212,0,张松,,,,,,72,101,其它,轻视,能力,无视,擅长,读书,强欲,慎重,地方统一,普通,宫城,健康,×,,,0,,0,0,×,×
0,0,0,0,407,393,张绍,393,张,,蓟,蓟,男,7,32,36,63,46,184,未登场,,100,0,0,216,202,264,0,张飞,张飞,,,,,78,113,病死,普通,名声,普通,擅长,收集,强欲,慎重,现状维持,普通,宫城,健康,×,,,0,,0,0,×,×
0,0,0,0,408,556,张承,556,张,,下邳,下邳,男,75,68,75,68,72,358,未登场,,340,0,0,197,178,244,0,张昭,张昭,,,,,124,118,病死,普通,任意,普通,不擅,武艺,无欲,刚胆,地方统一,普通,宫城,健康,×,,,0,,0,0,×,×
0,0,0,0,409,218,张任,218,张,,成都,成都,男,87,86,74,57,78,382,未登场,,160,0,0,188,169,214,0,张任,,,,,,56,71,其它,义士,义理,普通,普通,武艺,无欲,冷静,中华统一,努力,宫城,健康,×,,,0,,0,0,×,×
0,0,0,0,410,213,张悌,213,张,,襄阳,襄阳,男,74,49,81,78,83,365,未登场,,200,0,0,253,236,280,0,张悌,,,,,,126,35,其它,义士,能力,普通,不擅,读书,无欲,冷静,地方统一,努力,宫城,健康,×,,,0,,0,0,×,×
0,0,0,0,411,219,赵统,219,赵,,北平,北平,男,60,64,65,60,57,306,未登场,,80,0,0,223,209,260,0,赵云,赵云,,,,,75,39,病死,普通,义理,普通,不擅,武艺,普通,冷静,地方统一,普通,宫城,健康,×,,,0,,0,0,×,×
0,0,0,0,412,632,张特,632,张,,蓟,蓟,男,71,53,74,67,69,334,未登场,,160,0,0,228,209,265,0,张特,,,,,,39,89,病死,普通,任意,普通,普通,武艺,普通,冷静,州统一,普通,宫城,健康,×,,,0,,0,0,×,×
0,0,0,0,413,463,张南,463,张,,武陵,武陵,男,71,64,38,43,56,272,未登场,,80,0,0,209,187,222,0,张南,,,,,,74,31,其它,重视,任意,普通,普通,收集,无欲,莽撞,地方统一,普通,宫城,健康,×,,,0,,0,0,×,×
0,0,0,0,414,269,张邈,269,张,何进,河内,河内,男,53,52,70,69,79,323,已登场,一般,300,3000,94,184,155,195,174,张邈,,,,,,100,30,其它,轻视,义理,重视,擅长,收集,普通,慎重,州统一,普通,驻所,健康,×,,,0,,0,0,×,×
0,0,0,0,415,65,赵范,65,赵,,北平,北平,男,21,18,33,60,56,188,未登场,,100,0,0,187,168,218,0,赵范,,,,,,83,114,病死,普通,任意,普通,擅长,收集,普通,慎重,州统一,普通,宫城,健康,×,,,0,,0,0,×,×
0,0,0,0,416,1,张飞,1,张,刘备,,刘备,男,86,98,33,22,44,283,已登场,一般,100,0,255,184,167,221,184,张飞,,,,刘备,,75,40,其它,义士,任意,重视,擅长,武艺,无欲,莽撞,中华统一,适当,野外,健康,×,,,0,,0,0,×,×
0,0,0,0,417,395,张布,395,张,,吴,吴,男,32,31,70,67,17,217,未登场,,280,0,0,244,225,264,0,张布,,,,,,113,139,其它,轻视,义理,普通,擅长,读书,普通,慎重,现状维持,普通,宫城,健康,×,,,0,,0,0,×,×
0,0,0,0,418,103,张苞,103,张,,蓟,蓟,男,75,87,49,45,60,316,未登场,,100,0,0,212,198,229,0,张飞,张飞,,,,,75,39,其它,普通,任意,重视,擅长,武艺,普通,莽撞,中华统一,适当,宫城,健康,×,,,0,,0,0,×,×
0,0,0,0,419,521,张宝,521,张,张宝,濮阳,濮阳,男,83,69,79,60,89,380,已登场,都督,300,50000,255,184,148,184,184,张角,2389,,,,,7,93,其它,轻视,名声,无视,不擅,收集,强欲,刚胆,中华统一,普通,宫城,健康,×,,,0,,0,0,×,×
0,0,0,0,420,713,张曼成,713,张,张梁,宛,宛,男,73,83,47,39,55,297,已登场,太守,180,40000,99,184,143,184,184,张曼成,,,,,,7,93,其它,普通,义理,无视,擅长,武艺,普通,刚胆,中华统一,普通,宫城,健康,×,,,0,,0,0,×,×
0,0,0,0,421,483,张杨,483,张,丁原,晋阳,晋阳,男,68,70,68,60,67,333,已登场,一般,260,10000,99,184,151,195,178,张杨,,,,,,145,75,其它,重视,任意,重视,普通,武艺,普通,刚胆,州统一,普通,城墙,健康,×,,,0,,0,0,×,×
0,0,0,0,422,202,张翼,202,张,,武都,成都,男,77,74,71,68,70,360,未登场,,140,0,0,207,188,264,0,张翼,,,,,,68,33,其它,普通,实绩,重视,不擅,武艺,普通,刚胆,地方统一,普通,宫城,健康,×,,,0,,0,0,×,×
0,0,0,0,423,14,张辽,14,张,,晋阳,晋阳,男,94,92,77,64,79,406,未登场,,80,0,0,188,169,222,0,张辽,,,,,,23,50,病死,重视,能力,普通,普通,武艺,普通,刚胆,中华统一,努力,宫城,健康,×,,,0,,0,0,×,×
0,0,0,0,424,522,张梁,522,张,张梁,许昌,许昌,男,78,81,69,53,85,366,已登场,都督,300,50000,255,184,153,184,184,张角,2389,,,,,7,93,其它,轻视,名声,无视,普通,收集,强欲,刚胆,中华统一,普通,宫城,健康,×,,,0,,0,0,×,×
0,0,0,0,425,396,赵累,396,赵,,江陵,江陵,男,32,47,69,72,71,291,未登场,,140,0,0,202,183,219,0,赵累,,,,,,74,10,其它,重视,义理,普通,不擅,读书,无欲,冷静,现状维持,努力,宫城,健康,×,,,0,,0,0,×,×
0,0,0,0,426,66,张鲁,66,张,,汉中,汉中,男,48,26,72,81,89,316,已登场,在野,260,0,0,184,163,237,0,张鲁,2426,,,,,15,8,病死,普通,名声,无视,不擅,读书,无欲,慎重,州统一,普通,驻所,健康,×,,,0,,0,0,×,×
0,0,0,0,427,397,陈横,397,陈,,吴,吴,男,63,64,25,28,42,222,未发现,在野,180,0,0,184,161,195,0,陈横,,,,,,11,85,其它,普通,实绩,普通,普通,收集,普通,莽撞,州统一,适当,市场,健康,×,,,0,,0,0,×,×
0,0,0,0,428,597,陈应,597,陈,,桂阳,桂阳,男,62,69,49,27,18,225,未登场,,80,0,0,203,172,208,0,陈应,,,,,,12,145,其它,轻视,任意,普通,普通,收集,普通,莽撞,州统一,适当,宫城,健康,×,,,0,,0,0,×,×
0,0,0,0,429,579,陈纪,579,陈,,柴桑,柴桑,男,58,67,46,52,31,254,未发现,在野,160,0,0,184,165,198,0,陈纪,,,,,,140,97,其它,普通,任意,普通,普通,读书,强欲,刚胆,州统一,普通,工房,健康,×,,,0,,0,0,×,×
0,0,0,0,430,104,陈宫,104,陈,,濮阳,濮阳,男,74,55,89,83,69,370,未发现,在野,220,0,0,184,154,198,0,陈宫,,,,,,143,75,其它,普通,能力,普通,普通,读书,普通,冷静,中华统一,努力,农地,健康,×,,,0,,0,0,×,×
0,0,0,0,431,262,陈矫,262,陈,,下邳,下邳,男,41,26,77,84,65,293,未登场,,400,0,0,194,175,237,0,陈矫,,,,,,29,119,病死,普通,实绩,无视,不擅,读书,普通,冷静,地方统一,努力,宫城,健康,×,,,0,,0,0,×,×
0,0,0,0,432,105,陈群,105,陈,,许昌,许昌,男,28,14,78,97,77,294,未登场,,400,0,0,186,167,235,0,陈群,,,,,,28,120,病死,普通,实绩,普通,不擅,读书,无欲,冷静,中华统一,努力,宫城,健康,×,,,0,,0,0,×,×
0,0,0,0,433,299,陈,299,陈,,下邳,下邳,男,16,5,83,79,71,254,已登场,在野,420,0,0,184,132,206,0,陈,,,,,,79,119,病死,普通,名声,无视,擅长,读书,普通,慎重,州统一,普通,城墙,健康,×,,,0,,0,0,×,×
0,0,0,0,434,398,陈骞,398,陈,,下邳,下邳,男,72,67,65,62,51,317,未登场,,400,0,0,233,214,292,0,陈矫,陈矫,,,,,29,121,病死,普通,能力,普通,不擅,武艺,普通,刚胆,中华统一,普通,宫城,健康,×,,,0,,0,0,×,×
0,0,0,0,435,295,陈寿,295,陈,,成都,成都,男,15,22,60,71,39,207,未登场,,80,0,0,252,233,297,0,陈式,,,,,,50,129,病死,普通,名声,普通,普通,读书,无欲,冷静,现状维持,普通,宫城,健康,×,,,0,,0,0,×,×
0,0,0,0,436,399,陈式,399,陈,,成都,成都,男,73,67,31,27,22,220,未登场,,80,0,0,210,191,230,0,陈式,,,,,,81,81,其它,轻视,实绩,普通,擅长,武艺,普通,莽撞,地方统一,适当,宫城,健康,×,,,0,,0,0,×,×
0,0,0,0,437,242,陈震,242,陈,,宛,宛,男,46,54,66,76,78,320,未登场,,180,0,0,189,170,235,0,陈震,,,,,,79,148,病死,普通,名声,普通,普通,读书,普通,冷静,州统一,普通,宫城,健康,×,,,0,,0,0,×,×
0,0,0,0,438,199,陈泰,199,陈,,许昌,许昌,男,85,73,85,75,75,393,未登场,,400,0,0,224,210,260,0,陈群,陈群,,,,,28,50,病死,重视,能力,普通,不擅,读书,无欲,冷静,中华统一,普通,宫城,健康,×,,,0,,0,0,×,×
0,0,0,0,439,220,陈登,220,陈,,下邳,下邳,男,84,63,80,82,59,368,未登场,,360,0,0,188,169,207,0,陈,陈,,,,,79,119,病死,普通,名声,无视,擅长,收集,强欲,冷静,地方统一,普通,宫城,健康,×,,,0,,0,0,×,×
0,0,0,0,440,502,陈到,502,陈,,汝南,汝南,男,79,74,65,50,72,340,未登场,,80,0,0,194,171,237,0,陈到,,,,,,72,42,病死,普通,实绩,重视,不擅,武艺,普通,刚胆,中华统一,普通,宫城,健康,×,,,0,,0,0,×,×
0,0,0,0,441,582,陈表,582,陈,,庐江,庐江,男,62,49,74,78,70,333,未登场,,180,0,0,218,204,237,0,陈武,陈武,,,,,124,13,病死,普通,名声,普通,普通,读书,普通,冷静,现状维持,适当,宫城,健康,×,,,0,,0,0,×,×
0,0,0,0,442,221,陈武,221,陈,,庐江,庐江,男,74,88,47,40,63,312,未登场,,180,0,0,195,176,215,0,陈武,,,,,,124,60,其它,普通,实绩,普通,普通,武艺,普通,莽撞,地方统一,适当,宫城,健康,×,,,0,,0,0,×,×
0,0,0,0,443,252,陈兰,252,陈,,汝南,汝南,男,65,70,43,21,26,225,未发现,在野,20,0,0,184,157,204,0,陈兰,,,,,,142,92,病死,无视,任意,无视,擅长,收集,强欲,慎重,地方统一,适当,工房,健康,×,,,0,,0,0,×,×
0,0,0,0,444,400,陈琳,400,陈,何进,上党,上党,男,8,8,73,81,72,242,已登场,一般,200,2000,92,184,160,217,184,陈琳,,,,,,37,16,病死,普通,名声,重视,不擅,读书,普通,冷静,现状维持,适当,驻所,健康,×,,,0,,0,0,×,×
0,0,0,0,445,106,程昱,106,程,,濮阳,濮阳,男,77,56,92,85,50,360,已登场,在野,240,0,0,184,141,220,0,程昱,,,,,,24,68,病死,轻视,实绩,普通,普通,收集,普通,刚胆,中华统一,普通,工房,健康,×,,,0,,0,0,×,×
0,0,0,0,446,523,程远志,523,程,张角,南皮,南皮,男,68,74,18,25,28,213,已登场,太守,160,30000,92,184,145,184,184,程远志,,,,,,7,92,其它,轻视,任意,无视,擅长,收集,强欲,莽撞,地方统一,适当,宫城,健康,×,,,0,,0,0,×,×
0,0,0,0,447,583,丁仪,583,丁,,小沛,小沛,男,17,3,66,70,28,184,未登场,,160,0,0,203,184,220,0,丁仪,,,,,,22,16,其它,轻视,名声,普通,擅长,读书,强欲,慎重,现状维持,适当,宫城,健康,×,,,0,,0,0,×,×
0,0,0,0,448,401,程银,401,程,,河内,河内,男,76,68,46,35,46,271,未发现,在野,160,0,0,184,169,211,0,程银,,,,,,69,76,其它,轻视,实绩,无视,普通,收集,普通,莽撞,地方统一,适当,工房,健康,×,,,0,,0,0,×,×
0,0,0,0,449,532,丁原,532,丁,丁原,晋阳,晋阳,男,72,76,37,47,74,306,已登场,君主,280,0,100,184,137,190,156,丁原,,,,,,88,67,其它,重视,能力,重视,普通,武艺,普通,莽撞,州统一,努力,宫城,健康,×,,,0,,0,0,×,×
0,0,0,0,450,161,程普,161,程,孙坚,下邳,下邳,男,85,83,78,73,85,404,已登场,一般,180,3000,150,184,151,216,181,程普,,,,,,126,38,病死,重视,能力,重视,普通,读书,无欲,刚胆,中华统一,努力,城墙,健康,×,,,0,,0,0,×,×
0,0,0,0,451,402,程武,402,程,,濮阳,濮阳,男,52,33,76,71,51,283,未登场,,200,0,0,215,201,265,0,程昱,程昱,,,,,24,68,病死,普通,实绩,普通,普通,收集,无欲,冷静,地方统一,普通,宫城,健康,×,,,0,,0,0,×,×
0,0,0,0,452,403,程秉,403,程,,汝南,汝南,男,17,13,66,71,66,233,未登场,,200,0,0,191,172,226,0,程秉,,,,,,119,142,病死,普通,名声,普通,不擅,读书,普通,冷静,地方统一,努力,宫城,健康,×,,,0,,0,0,×,×
0,0,0,0,453,189,丁奉,189,丁,,庐江,庐江,男,81,84,70,54,56,345,未登场,,120,0,0,207,190,271,0,丁奉,2453,,,,,123,32,病死,普通,实绩,普通,普通,武艺,普通,刚胆,中华统一,努力,宫城,健康,×,,,0,,0,0,×,×
0,0,0,0,454,611,丁封,611,丁,,庐江,庐江,男,67,68,52,41,59,287,未登场,,80,0,0,217,198,266,0,丁奉,2453,,,,,123,32,病死,普通,任意,普通,普通,收集,普通,莽撞,地方统一,普通,宫城,健康,×,,,0,,0,0,×,×
0,0,0,0,455,13,典韦,13,典,,陈留,陈留,男,59,94,34,31,56,274,未发现,在野,80,0,0,184,160,197,0,典韦,,,,,,25,25,其它,义士,任意,普通,擅长,武艺,普通,刚胆,中华统一,普通,工房,健康,×,,,0,,0,0,×,×
0,0,0,0,456,512,田楷,512,田,公孙瓒,北平,北平,男,71,63,57,59,62,312,已登场,一般,160,1500,94,184,154,199,183,田楷,,,,,,64,80,病死,普通,义理,重视,普通,武艺,普通,冷静,地方统一,普通,酒家,健康,×,,,0,,0,0,×,×
0,0,0,0,457,404,田续,404,田,,蓟,蓟,男,47,61,55,19,7,189,未登场,,300,0,0,237,218,272,0,田续,,,,,,42,125,病死,轻视,任意,普通,普通,收集,强欲,慎重,地方统一,普通,宫城,健康,×,,,0,,0,0,×,×
0,0,0,0,458,405,田畴,405,田,,蓟,蓟,男,68,64,72,73,74,351,未登场,,360,0,0,188,169,214,0,田畴,,,,,,42,149,病死,重视,义理,普通,不擅,读书,普通,冷静,地方统一,努力,宫城,健康,×,,,0,,0,0,×,×
0,0,0,0,459,107,田丰,107,田,,邺,邺,男,60,32,93,87,62,334,未发现,在野,400,0,0,184,162,200,0,田丰,,,,,,96,110,其它,义士,义理,普通,不擅,读书,无欲,刚胆,中华统一,努力,工房,健康,×,,,0,,0,0,×,×
0,0,0,0,460,515,典满,515,典,,陈留,陈留,男,52,74,38,25,56,245,未登场,,80,0,0,195,181,235,0,典韦,典韦,,,,,23,26,病死,普通,任意,普通,普通,武艺,普通,莽撞,地方统一,普通,宫城,健康,×,,,0,,0,0,×,×
0,0,0,0,461,554,田豫,554,田,,蓟,蓟,男,80,62,83,72,75,372,未登场,,240,0,0,189,171,252,0,田豫,,,,,,75,6,病死,普通,能力,普通,不擅,读书,普通,冷静,中华统一,努力,宫城,健康,×,,,0,,0,0,×,×
0,0,0,0,462,231,滕胤,231,滕,,北海,北海,男,32,41,71,76,64,284,未登场,,160,0,0,221,194,256,0,滕胤,,,,,,116,126,其它,普通,实绩,普通,普通,读书,普通,慎重,中华统一,普通,宫城,健康,×,,,0,,0,0,×,×
0,0,0,0,463,164,董允,164,董,,江陵,江陵,男,38,22,78,91,72,301,未登场,,180,0,0,214,192,246,0,董和,董和,,,,,78,148,病死,普通,实绩,重视,不擅,读书,无欲,冷静,地方统一,努力,宫城,健康,×,,,0,,0,0,×,×
0,0,0,0,464,126,邓艾,126,邓,,新野,新野,男,94,87,89,82,70,422,未登场,,100,0,0,216,197,264,0,邓艾,,,,,,41,50,其它,普通,能力,普通,普通,读书,无欲,冷静,中华统一,努力,宫城,健康,×,,,0,,0,0,×,×
0,0,0,0,465,612,党均,612,党,,襄阳,襄阳,男,33,19,81,73,41,247,未登场,,160,0,0,248,229,264,0,党均,,,,,,40,125,病死,轻视,名声,普通,普通,读书,普通,冷静,州统一,适当,宫城,健康,×,,,0,,0,0,×,×
0,0,0,0,466,406,董厥,406,董,,新野,新野,男,67,61,75,80,63,346,未登场,,180,0,0,223,204,271,0,董厥,,,,,,73,4,病死,普通,实绩,重视,不擅,读书,普通,冷静,中华统一,努力,宫城,健康,×,,,0,,0,0,×,×
0,0,0,0,467,67,陶谦,67,陶,何进,长安,长安,男,50,33,65,65,77,290,已登场,一般,340,13000,95,184,132,194,151,陶谦,,,,,,82,80,病死,普通,名声,重视,不擅,收集,普通,慎重,州统一,普通,工房,健康,×,,,0,,0,0,×,×
0,0,0,0,468,407,邓贤,407,邓,,武威,武威,男,63,70,45,36,49,263,未登场,,80,0,0,211,188,248,0,邓贤,,,,,,54,111,病死,普通,任意,普通,普通,收集,强欲,莽撞,州统一,普通,宫城,健康,×,,,0,,0,0,×,×
0,0,0,0,469,190,邓芝,190,邓,,新野,新野,男,75,51,76,86,88,376,未登场,,160,0,0,201,182,251,0,邓芝,,,,,,73,15,病死,重视,能力,普通,普通,读书,无欲,冷静,中华统一,努力,宫城,健康,×,,,0,,0,0,×,×
0,0,0,0,470,408,唐咨,408,唐,,下邳,下邳,男,63,71,50,54,63,301,未登场,,120,0,0,215,196,265,0,唐咨,,,,,,132,34,病死,普通,任意,普通,普通,收集,普通,刚胆,地方统一,普通,宫城,健康,×,,,0,,0,0,×,×
0,0,0,0,471,222,董袭,222,董,,会稽,会稽,男,71,80,52,43,58,304,未登场,,160,0,0,188,169,215,0,董袭,,,,,,127,71,其它,普通,实绩,普通,普通,收集,普通,刚胆,地方统一,适当,宫城,健康,×,,,0,,0,0,×,×
0,0,0,0,472,633,滕修,633,滕,,宛,宛,男,35,20,44,72,62,233,未登场,,160,0,0,247,228,288,0,滕修,,,,,,114,35,病死,普通,实绩,普通,普通,收集,普通,慎重,地方统一,普通,宫城,健康,×,,,0,,0,0,×,×
0,0,0,0,473,394,陶F,394,陶,,建业,建业,男,64,65,58,52,53,292,未登场,,120,0,0,253,238,285,0,陶F,,,,,,120,79,病死,普通,任意,普通,普通,收集,强欲,刚胆,州统一,适当,宫城,健康,×,,,0,,0,0,×,×
0,0,0,0,474,409,董承,409,董,何进,上党,上党,男,57,56,68,61,74,316,已登场,太守,460,20000,99,184,154,200,173,董承,,,,,,89,83,其它,重视,名声,重视,不擅,读书,普通,刚胆,中华统一,努力,宫城,健康,×,,,0,,0,0,×,×
0,0,0,0,475,263,董昭,263,董,,濮阳,濮阳,男,21,27,80,89,60,277,未发现,在野,280,0,0,184,156,236,0,董昭,,,,,,21,116,病死,轻视,实绩,无视,不擅,读书,普通,冷静,中华统一,普通,农地,健康,×,,,0,,0,0,×,×
0,0,0,0,476,68,董卓,68,董,董卓,天水,天水,男,81,83,68,22,36,290,已登场,君主,300,0,100,184,139,192,158,董卓,2476,,,,,1,98,其它,轻视,能力,无视,擅长,收集,强欲,刚胆,中华统一,适当,宫城,健康,×,,,0,,0,0,×,×
0,0,0,0,477,410,邓忠,410,邓,,新野,新野,男,70,82,66,51,66,335,未登场,,100,0,0,244,230,264,0,邓艾,邓艾,,,,,41,51,其它,普通,实绩,普通,不擅,武艺,普通,刚胆,地方统一,普通,宫城,健康,×,,,0,,0,0,×,×
0,0,0,0,478,588,董朝,588,董,,建安,建安,男,16,15,51,69,67,218,未登场,,140,0,0,240,221,281,0,董朝,,,,,,129,126,病死,普通,任意,普通,普通,收集,普通,慎重,现状维持,适当,宫城,健康,×,,,0,,0,0,×,×
0,0,0,0,479,142,董荼那,142,董,,永昌,永昌,男,67,74,33,37,49,260,未登场,,60,0,0,217,189,225,0,董荼那,,,,,,62,82,其它,普通,义理,无视,普通,武艺,普通,莽撞,州统一,适当,宫城,健康,×,,,0,,0,0,×,×
0,0,0,0,480,714,蹋顿,714,蹋,,襄平,襄平,男,84,82,61,36,57,320,已登场,在野,160,0,0,184,158,207,0,蹋顿,,,,,,99,95,其它,普通,能力,无视,擅长,收集,普通,刚胆,地方统一,适当,农地,健康,×,,,0,,0,0,×,×
0,0,0,0,481,634,唐彬,634,唐,,小沛,小沛,男,70,74,62,52,60,318,未登场,,120,0,0,253,235,294,0,唐彬,,,,,,32,130,病死,普通,能力,普通,普通,武艺,普通,冷静,中华统一,适当,宫城,健康,×,,,0,,0,0,×,×
0,0,0,0,482,411,董F,411,董,董卓,天水,天水,男,51,60,22,6,20,159,已登场,一般,200,7000,120,184,149,192,174,董卓,2476,,,,,1,98,其它,轻视,名声,无视,擅长,收集,普通,慎重,中华统一,适当,农地,健康,×,,,0,,0,0,×,×
0,0,0,0,483,528,邓茂,528,邓,张角,南皮,南皮,男,60,76,31,17,37,221,已登场,一般,120,10000,95,184,147,184,184,邓茂,,,,,,7,92,其它,轻视,任意,无视,擅长,收集,强欲,莽撞,地方统一,无视,城墙,健康,×,,,0,,0,0,×,×
0,0,0,0,484,413,董和,413,董,,江陵,江陵,男,59,35,73,84,71,322,未登场,,180,0,0,187,168,219,0,董和,,,,,,66,148,病死,普通,义理,普通,不擅,读书,普通,冷静,现状维持,努力,宫城,健康,×,,,0,,0,0,×,×
0,0,0,0,485,191,杜预,191,杜,,长安,长安,男,86,30,85,80,81,362,未登场,,300,0,0,241,222,284,0,杜预,,,,,,32,145,病死,普通,能力,普通,擅长,读书,普通,冷静,中华统一,普通,宫城,健康,×,,,0,,0,0,×,×
0,0,0,0,486,590,宁随,590,宁,,天水,天水,男,69,70,74,37,52,302,未登场,,140,0,0,253,234,264,0,宁随,,,,,,73,32,病死,普通,实绩,普通,普通,收集,普通,冷静,现状维持,适当,宫城,健康,×,,,0,,0,0,×,×
0,0,0,0,487,258,裴元绍,258,裴,张角,平原,平原,男,50,67,26,27,40,210,已登场,一般,20,0,94,184,169,200,184,裴元绍,,,,,,68,78,其它,普通,义理,无视,擅长,收集,强欲,莽撞,地方统一,适当,工房,健康,×,,,0,,0,0,×,×
0,0,0,0,488,613,裴秀,613,裴,,河内,河内,男,10,11,77,83,53,234,未登场,,400,0,0,243,223,271,0,裴秀,,,,,,30,130,病死,普通,任意,普通,不擅,收集,普通,慎重,现状维持,普通,宫城,健康,×,,,0,,0,0,×,×
0,0,0,0,489,419,马玩,419,马,,西平,西平,男,71,70,19,24,35,219,未登场,,120,0,0,189,170,211,0,马玩,,,,,,48,78,其它,普通,义理,无视,擅长,武艺,普通,莽撞,地方统一,适当,宫城,健康,×,,,0,,0,0,×,×
0,0,0,0,490,420,马休,420,马,,武威,武威,男,69,73,45,51,66,304,未登场,,100,0,0,192,178,211,0,马腾,马腾,,,,,70,62,其它,重视,任意,普通,不擅,武艺,普通,刚胆,地方统一,适当,宫城,健康,×,,,0,,0,0,×,×
0,0,0,0,491,481,马钧,481,马,,安定,安定,男,5,8,64,56,13,146,未登场,,60,0,0,219,200,259,0,马钧,,,,,,29,103,病死,轻视,名声,普通,不擅,读书,强欲,慎重,现状维持,普通,宫城,健康,×,,,0,,0,0,×,×
0,0,0,0,492,715,波才,715,波,张梁,许昌,许昌,男,69,75,52,30,35,261,已登场,一般,180,40000,98,184,145,184,184,波才,,,,,,145,90,其它,普通,义理,普通,普通,收集,普通,刚胆,中华统一,普通,城墙,健康,×,,,0,,0,0,×,×
0,0,0,0,493,421,马遵,421,马,,天水,天水,男,39,57,35,51,49,231,未登场,,160,0,0,215,196,260,0,马遵,,,,,,19,100,病死,普通,任意,普通,普通,收集,普通,慎重,现状维持,适当,宫城,健康,×,,,0,,0,0,×,×
0,0,0,0,494,108,马谡,108,马,,襄阳,襄阳,男,64,65,87,76,67,359,未登场,,300,0,0,209,190,228,0,马良,2502,,,,,80,3,其它,重视,名声,重视,不擅,读书,强欲,莽撞,中华统一,适当,宫城,健康,×,,,0,,0,0,×,×
0,0,0,0,495,26,马岱,26,马,,武威,武威,男,78,85,59,45,74,341,未登场,,100,0,0,197,183,246,0,马腾,,,,,,70,62,病死,重视,实绩,重视,普通,武艺,无欲,冷静,中华统一,普通,宫城,健康,×,,,0,,0,0,×,×
0,0,0,0,496,479,马忠,479,马,,柴桑,柴桑,男,66,71,60,35,38,270,未登场,,140,0,0,205,186,222,0,马忠,,,,,,131,144,其它,普通,任意,普通,普通,收集,普通,刚胆,州统一,适当,宫城,健康,×,,,0,,0,0,×,×
0,0,0,0,497,223,马忠,223,马,,梓潼,梓潼,男,81,73,70,74,73,371,未登场,,80,0,0,205,187,249,0,马忠,,,,,,69,72,病死,普通,义理,重视,擅长,武艺,无欲,刚胆,地方统一,普通,宫城,健康,×,,,0,,0,0,×,×
0,0,0,0,498,4,马超,4,马,,武威,武威,男,89,96,43,23,82,333,未登场,,160,0,0,189,176,226,0,马腾,马腾,,,,,70,72,病死,重视,义理,普通,擅长,武艺,普通,莽撞,中华统一,适当,宫城,健康,×,,,0,,0,0,×,×
0,0,0,0,499,422,马铁,422,马,,武威,武威,男,71,66,60,47,59,303,未登场,,100,0,0,193,179,211,0,马腾,马腾,,,,,70,62,其它,重视,任意,普通,普通,武艺,普通,冷静,地方统一,适当,宫城,健康,×,,,0,,0,0,×,×
0,0,0,0,500,27,马腾,27,马,马腾,武威,武威,男,82,81,51,63,89,366,已登场,君主,260,0,100,184,149,211,184,马腾,,,,韩遂,,70,54,其它,重视,义理,重视,擅长,武艺,普通,刚胆,地方统一,适当,宫城,健康,×,,,0,,0,0,×,×
0,0,0,0,501,254,马邈,254,马,,梓潼,梓潼,男,22,17,5,30,15,89,未登场,,60,0,0,240,221,265,0,马邈,,,,,,50,105,病死,无视,任意,普通,不擅,收集,强欲,慎重,现状维持,普通,宫城,健康,×,,,0,,0,0,×,×
0,0,0,0,502,109,马良,109,马,,襄阳,襄阳,男,46,25,84,91,86,332,未登场,,400,0,0,206,187,225,0,马良,2502,,,,,77,3,其它,重视,实绩,重视,不擅,读书,无欲,冷静,地方统一,努力,宫城,健康,×,,,0,,0,0,×,×
0,0,0,0,503,424,万,424,万,,建业,建业,男,20,18,66,62,16,182,未登场,,280,0,0,253,240,272,0,万,,,,,,116,119,其它,普通,任意,普通,普通,读书,普通,慎重,中华统一,普通,宫城,健康,×,,,0,,0,0,×,×
0,0,0,0,504,415,樊建,415,樊,,新野,新野,男,45,29,71,81,73,299,未登场,,180,0,0,224,205,270,0,樊建,,,,,,78,4,病死,普通,能力,重视,不擅,收集,普通,冷静,中华统一,努力,宫城,健康,×,,,0,,0,0,×,×
0,0,0,0,505,416,潘F,416,潘,,武陵,武陵,男,69,27,67,88,21,272,未登场,,120,0,0,193,174,239,0,潘F,,,,,,44,147,病死,普通,能力,普通,不擅,读书,普通,慎重,中华统一,努力,宫城,健康,×,,,0,,0,0,×,×
0,0,0,0,506,224,潘璋,224,潘,,陈留,陈留,男,77,78,69,34,7,265,未登场,,160,0,0,196,177,222,0,潘璋,,,,,,129,78,其它,普通,实绩,普通,普通,武艺,普通,刚胆,地方统一,适当,宫城,健康,×,,,0,,0,0,×,×
0,0,0,0,507,417,樊稠,417,樊,董卓,天水,天水,男,73,76,34,26,36,245,已登场,一般,160,10000,98,184,149,192,179,樊稠,,,,,,149,95,其它,普通,实绩,普通,擅长,收集,强欲,莽撞,中华统一,适当,酒家,健康,×,,,0,,0,0,×,×
0,0,0,0,508,717,樊能,717,樊,,会稽,会稽,男,70,61,47,31,57,266,未发现,在野,160,0,0,184,158,194,0,樊能,,,,,,8,147,其它,普通,任意,普通,普通,收集,普通,刚胆,州统一,适当,农地,健康,×,,,0,,0,0,×,×
0,0,0,0,509,418,潘凤,418,潘,,邺,邺,男,57,77,4,15,25,178,未发现,在野,160,0,0,184,155,190,0,潘凤,,,,,,94,43,其它,普通,能力,重视,普通,武艺,普通,莽撞,州统一,适当,农地,健康,×,,,0,,0,0,×,×
0,0,0,0,510,718,潘临,718,潘,,会稽,会稽,男,66,79,8,19,31,203,未登场,,60,0,0,187,168,225,0,潘临,,,,,,39,91,病死,普通,实绩,无视,普通,收集,普通,刚胆,州统一,适当,宫城,健康,×,,,0,,0,0,×,×
0,0,0,0,511,110,费t,110,费,,江夏,江夏,男,73,29,84,94,83,363,未登场,,160,0,0,212,193,253,0,费t,,,,,,77,146,其它,普通,能力,重视,擅长,读书,强欲,刚胆,中华统一,普通,宫城,健康,×,,,0,,0,0,×,×
0,0,0,0,512,425,卑衍,425,卑,,襄平,襄平,男,63,66,20,29,54,232,未登场,,80,0,0,215,196,238,0,卑衍,,,,,,141,79,其它,普通,任意,普通,普通,收集,普通,慎重,现状维持,普通,宫城,健康,×,,,0,,0,0,×,×
0,0,0,0,513,719,费诗,719,费,,天水,天水,男,14,28,63,69,65,239,未登场,,140,0,0,195,176,240,0,费诗,,,,,,66,5,病死,普通,义理,重视,不擅,收集,无欲,慎重,地方统一,努力,宫城,健康,×,,,0,,0,0,×,×
0,0,0,0,514,162,糜竺,162,糜,,下邳,下邳,男,24,30,72,83,82,291,未发现,在野,400,0,0,184,165,220,0,糜竺,2515,,,,,77,21,病死,普通,任意,重视,不擅,读书,无欲,冷静,中华统一,努力,酒家,健康,×,,,0,,0,0,×,×
0,0,0,0,515,163,糜芳,163,糜,,下邳,下邳,男,57,62,31,27,18,195,未登场,,200,0,0,188,169,222,0,糜竺,2515,,,,,108,21,其它,无视,实绩,重视,擅长,收集,强欲,慎重,现状维持,适当,宫城,健康,×,,,0,,0,0,×,×
0,0,0,0,516,548,费耀,548,费,,天水,天水,男,70,65,73,61,67,336,未登场,,140,0,0,211,192,228,0,费耀,,,,,,26,137,其它,普通,义理,普通,普通,收集,普通,冷静,地方统一,适当,宫城,健康,×,,,0,,0,0,×,×
0,0,0,0,517,433,武安国,433,武,,北海,北海,男,68,84,43,33,27,255,未发现,在野,200,0,0,184,156,190,0,武安国,,,,,,43,43,其它,普通,能力,普通,普通,武艺,普通,莽撞,州统一,适当,市场,健康,×,,,0,,0,0,×,×
0,0,0,0,518,427,冯习,427,冯,,江陵,江陵,男,73,66,40,42,64,285,未登场,,80,0,0,201,182,222,0,冯习,,,,,,74,31,其它,普通,任意,普通,普通,收集,普通,莽撞,地方统一,普通,宫城,健康,×,,,0,,0,0,×,×
0,0,0,0,519,637,傅嘏,637,傅,,长安,长安,男,44,36,85,92,69,326,未登场,,400,0,0,228,209,255,0,傅嘏,,,,,,28,126,病死,重视,义理,普通,普通,读书,普通,冷静,中华统一,努力,宫城,健康,×,,,0,,0,0,×,×
0,0,0,0,520,429,傅士仁,429,傅,,蓟,蓟,男,42,61,28,19,12,162,未登场,,20,0,0,201,182,222,0,傅士仁,,,,,,108,100,其它,无视,任意,普通,擅长,收集,强欲,慎重,现状维持,无视,宫城,健康,×,,,0,,0,0,×,×
0,0,0,0,521,430,傅佥,430,傅,,新野,新野,男,75,82,73,42,55,327,未登场,,160,0,0,230,216,263,0,傅彤,傅彤,,,,,74,17,其它,重视,实绩,普通,不擅,武艺,普通,刚胆,中华统一,普通,宫城,健康,×,,,0,,0,0,×,×
0,0,0,0,522,431,傅巽,431,傅,,长安,长安,男,13,10,70,71,45,209,未发现,在野,340,0,0,184,162,230,0,傅巽,,,,,,38,116,病死,轻视,名声,重视,不擅,读书,普通,冷静,州统一,适当,农地,健康,×,,,0,,0,0,×,×
0,0,0,0,523,432,傅彤,432,傅,,新野,新野,男,65,72,46,47,63,293,未登场,,160,0,0,201,183,222,0,傅彤,,,,,,74,29,其它,重视,义理,重视,普通,武艺,普通,莽撞,中华统一,努力,宫城,健康,×,,,0,,0,0,×,×
0,0,0,0,524,165,文鸯,165,文,,陈留,陈留,男,78,91,61,43,68,341,未登场,,100,0,0,236,222,285,0,文钦,文钦,,,,,38,73,病死,普通,能力,普通,擅长,武艺,普通,莽撞,中华统一,适当,宫城,健康,×,,,0,,0,0,×,×
0,0,0,0,525,225,文钦,225,文,,陈留,陈留,男,74,83,43,32,18,250,未登场,,100,0,0,217,200,258,0,文钦,,,,,,38,73,其它,轻视,实绩,普通,擅长,武艺,强欲,莽撞,地方统一,适当,宫城,健康,×,,,0,,0,0,×,×
0,0,0,0,526,594,文虎,594,文,,陈留,陈留,男,65,74,45,32,58,274,未登场,,100,0,0,241,227,279,0,文钦,文钦,,,,,38,73,病死,普通,任意,普通,擅长,武艺,强欲,刚胆,地方统一,适当,宫城,健康,×,,,0,,0,0,×,×
0,0,0,0,527,11,文丑,11,文,,南皮,南皮,男,82,95,24,23,47,271,未发现,在野,180,0,0,184,161,200,0,文丑,,,,,,102,44,其它,普通,能力,普通,擅长,武艺,普通,莽撞,中华统一,适当,酒家,健康,×,,,0,,0,0,×,×
0,0,0,0,528,111,文聘,111,文,,宛,宛,男,82,84,62,66,70,364,未登场,,160,0,0,197,178,237,0,文聘,,,,,,28,23,病死,普通,实绩,普通,普通,武艺,普通,刚胆,地方统一,普通,宫城,健康,×,,,0,,0,0,×,×
0,0,0,0,529,434,卞喜,434,卞,张宝,小沛,小沛,男,52,70,62,38,10,232,已登场,一般,20,500,95,184,169,200,184,卞喜,,,,,,8,89,其它,轻视,任意,无视,擅长,收集,强欲,莽撞,州统一,适当,城墙,健康,×,,,0,,0,0,×,×
0,0,0,0,530,542,方悦,542,方,,河内,河内,男,58,82,28,17,23,208,未发现,在野,80,0,0,184,153,190,0,方悦,,,,,,94,43,其它,普通,任意,普通,普通,收集,普通,莽撞,州统一,适当,城墙,健康,×,,,0,,0,0,×,×
0,0,0,0,531,516,庞会,516,庞,,武威,武威,男,68,75,45,44,61,293,未登场,,80,0,0,219,205,272,0,庞德,庞德,,,,,65,77,病死,普通,实绩,普通,不擅,收集,普通,刚胆,州统一,普通,宫城,健康,×,,,0,,0,0,×,×
0,0,0,0,532,144,忙牙长,144,忙,,云南,云南,男,46,78,3,3,14,144,未登场,,20,0,0,217,191,225,0,忙牙长,,,,,,51,85,其它,普通,任意,无视,普通,武艺,普通,莽撞,州统一,适当,宫城,健康,×,,,0,,0,0,×,×
0,0,0,0,533,112,逢纪,112,逢,,南皮,南皮,男,27,22,84,69,36,238,未发现,在野,360,0,0,184,153,202,0,逢纪,,,,,,110,7,其它,轻视,名声,普通,擅长,收集,强欲,慎重,中华统一,适当,酒家,健康,×,,,0,,0,0,×,×
0,0,0,0,534,435,庞羲,435,庞,,河内,河内,男,59,38,69,74,65,305,已登场,在野,400,0,0,184,153,218,0,庞羲,,,,,,55,83,病死,普通,名声,普通,擅长,收集,强欲,刚胆,中华统一,适当,工房,健康,×,,,0,,0,0,×,×
0,0,0,0,535,294,鲍信,294,鲍,何进,陈留,陈留,男,78,60,83,73,82,376,已登场,一般,300,7000,97,184,152,192,171,鲍信,,,,,,22,26,其它,重视,实绩,重视,普通,武艺,普通,刚胆,州统一,努力,农地,健康,×,,,0,,0,0,×,×
0,0,0,0,536,113,法正,113,法,,安定,安定,男,79,53,95,82,51,360,未登场,,160,0,0,195,176,220,0,法正,,,,,,72,64,病死,普通,能力,普通,擅长,收集,强欲,冷静,中华统一,适当,宫城,健康,×,,,0,,0,0,×,×
0,0,0,0,537,114,庞统,114,庞,,襄阳,襄阳,男,78,36,97,83,69,363,未登场,,120,0,0,208,179,214,0,庞统,,,,,,73,45,其它,普通,能力,普通,擅长,读书,无欲,冷静,中华统一,适当,宫城,健康,×,,,0,,0,0,×,×
0,0,0,0,538,28,庞德,28,庞,马腾,武威,武威,男,79,93,71,50,70,363,已登场,一般,80,0,99,184,170,219,184,庞德,,,,,,65,77,其它,重视,能力,普通,普通,武艺,无欲,刚胆,中华统一,普通,宫城,健康,×,,,0,,0,0,×,×
0,0,0,0,539,436,鲍隆,436,鲍,,桂阳,桂阳,男,58,75,42,19,23,217,未登场,,60,0,0,202,174,208,0,鲍隆,,,,,,12,85,其它,轻视,任意,普通,不擅,收集,强欲,莽撞,州统一,适当,宫城,健康,×,,,0,,0,0,×,×
0,0,0,0,540,639,步协,639,步,,下邳,下邳,男,73,53,75,65,67,333,未登场,,200,0,0,230,216,264,0,步骘,步骘,,,,,121,143,病死,普通,任意,普通,不擅,收集,普通,冷静,地方统一,适当,宫城,健康,×,,,0,,0,0,×,×
0,0,0,0,541,484,穆顺,484,穆,,上党,上党,男,52,77,14,18,25,186,未发现,在野,160,0,0,184,157,190,0,穆顺,,,,,,94,43,其它,普通,任意,重视,普通,收集,普通,莽撞,州统一,适当,市场,健康,×,,,0,,0,0,×,×
0,0,0,0,542,437,濮阳兴,437,濮,,濮阳,濮阳,男,37,37,70,76,72,292,未登场,,220,0,0,243,224,264,0,濮阳兴,,,,,,113,123,其它,普通,任意,普通,普通,读书,普通,慎重,中华统一,努力,宫城,健康,×,,,0,,0,0,×,×
0,0,0,0,543,145,木鹿大王,145,木,,永昌,永昌,男,66,72,23,5,30,196,未登场,,100,0,0,216,184,225,0,木鹿大王,,,,,,51,85,其它,普通,能力,无视,擅长,收集,强欲,莽撞,中华统一,适当,宫城,健康,×,,,0,,0,0,×,×
0,0,0,0,544,226,步骘,226,步,,下邳,下邳,男,80,52,83,86,70,371,未登场,,220,0,0,196,177,247,0,步骘,,,,,,121,4,病死,普通,名声,重视,不擅,读书,普通,冷静,地方统一,努力,宫城,健康,×,,,0,,0,0,×,×
0,0,0,0,545,641,步阐,641,步,,下邳,下邳,男,68,60,72,63,61,324,未登场,,200,0,0,236,222,272,0,步骘,步骘,,,,,129,146,其它,轻视,实绩,普通,擅长,收集,普通,冷静,中华统一,普通,宫城,健康,×,,,0,,0,0,×,×
0,0,0,0,546,720,步度根,720,步,,北平,北平,男,64,73,50,49,61,297,未登场,,160,0,0,190,170,233,0,步度根,,,,,,49,95,其它,轻视,任意,无视,普通,收集,强欲,莽撞,中华统一,适当,宫城,健康,×,,,0,,0,0,×,×
0,0,0,0,547,166,满宠,166,满,,陈留,陈留,男,87,60,81,86,81,395,未登场,,120,0,0,189,170,242,0,满宠,,,,,,29,1,病死,普通,能力,普通,不擅,收集,无欲,冷静,中华统一,努力,宫城,健康,×,,,0,,0,0,×,×
0,0,0,0,548,721,迷当大王,721,迷,,西平,西平,男,59,69,15,32,48,223,未登场,,60,0,0,221,202,260,0,迷当大王,,,,,,49,55,其它,普通,任意,无视,普通,收集,普通,莽撞,州统一,适当,宫城,健康,×,,,0,,0,0,×,×
0,0,0,0,549,260,毛d,260,毛,,陈留,陈留,男,65,51,64,80,53,313,未发现,在野,180,0,0,184,161,216,0,毛d,,,,,,29,2,病死,普通,实绩,普通,不擅,读书,无欲,冷静,地方统一,努力,驻所,健康,×,,,0,,0,0,×,×
0,0,0,0,550,29,孟获,29,孟,,建宁,建宁,男,79,87,45,41,78,330,未登场,,100,0,0,212,186,245,0,孟获,2551,,祝融,,,60,86,病死,普通,能力,无视,擅长,收集,普通,莽撞,中华统一,适当,宫城,健康,×,,,0,,0,0,×,×
0,0,0,0,551,643,孟宗,643,孟,,江夏,江夏,男,48,48,67,71,55,289,未登场,,140,0,0,235,216,271,0,孟宗,,,,,,120,88,病死,义士,任意,普通,普通,收集,无欲,冷静,现状维持,适当,宫城,健康,×,,,0,,0,0,×,×
0,0,0,0,552,115,孟达,115,孟,,安定,安定,男,75,74,79,69,48,345,未登场,,140,0,0,191,172,228,0,孟达,,,,,,44,115,其它,无视,能力,无视,擅长,收集,强欲,刚胆,现状维持,适当,宫城,健康,×,,,0,,0,0,×,×
0,0,0,0,553,147,孟,147,孟,,建宁,建宁,男,50,68,8,9,27,162,未登场,,60,0,0,215,190,251,0,孟获,2551,,,,,60,86,病死,普通,实绩,无视,擅长,收集,强欲,莽撞,现状维持,普通,宫城,健康,×,,,0,,0,0,×,×
0,0,0,0,554,541,俞涉,541,俞,,宛,宛,男,62,79,26,23,29,219,未发现,在野,160,0,0,184,158,190,0,俞涉,,,,,,139,43,其它,普通,任意,普通,擅长,武艺,普通,莽撞,州统一,适当,酒家,健康,×,,,0,,0,0,×,×
0,0,0,0,555,438,杨怀,438,杨,,梓潼,梓潼,男,63,69,65,63,47,307,未登场,,120,0,0,186,167,212,0,杨怀,,,,,,53,52,其它,轻视,任意,普通,普通,收集,普通,刚胆,地方统一,适当,宫城,健康,×,,,0,,0,0,×,×
0,0,0,0,556,439,雍],439,雍,,建宁,建宁,男,73,67,59,44,50,293,未登场,,80,0,0,207,188,225,0,雍],,,,,,52,90,其它,无视,任意,无视,擅长,收集,强欲,莽撞,地方统一,无视,宫城,健康,×,,,0,,0,0,×,×
0,0,0,0,557,227,杨仪,227,杨,,襄阳,襄阳,男,68,44,82,79,17,290,未登场,,100,0,0,209,190,235,0,杨仪,,,,,,61,144,其它,轻视,实绩,重视,擅长,收集,强欲,慎重,中华统一,普通,宫城,健康,×,,,0,,0,0,×,×
0,0,0,0,558,614,杨欣,614,杨,,西平,西平,男,60,67,63,56,63,309,未登场,,160,0,0,239,220,278,0,杨欣,,,,,,31,51,病死,普通,实绩,普通,不擅,读书,普通,冷静,州统一,适当,宫城,健康,×,,,0,,0,0,×,×
0,0,0,0,559,192,羊祜,192,羊,,濮阳,濮阳,男,87,65,87,85,90,414,未登场,,400,0,0,240,221,278,0,羊祜,,,,,,31,140,病死,重视,能力,普通,擅长,读书,普通,冷静,中华统一,努力,宫城,健康,×,,,0,,0,0,×,×
0,0,0,0,560,517,杨弘,517,杨,,宛,宛,男,19,17,76,60,51,223,未发现,在野,100,0,0,184,152,199,0,杨弘,,,,,,140,103,病死,轻视,名声,无视,普通,读书,强欲,慎重,地方统一,适当,工房,健康,×,,,0,,0,0,×,×
0,0,0,0,561,547,杨昂,547,杨,,汉中,汉中,男,65,70,39,34,42,250,未登场,,160,0,0,191,172,215,0,杨昂,,,,,,16,96,其它,普通,名声,普通,普通,收集,普通,莽撞,地方统一,适当,宫城,健康,×,,,0,,0,0,×,×
0,0,0,0,562,647,杨济,647,杨,,洛阳,洛阳,男,69,63,71,68,71,342,未登场,,360,0,0,245,226,291,0,杨济,,,,,,32,123,其它,普通,任意,普通,普通,收集,普通,冷静,中华统一,普通,宫城,健康,×,,,0,,0,0,×,×
0,0,0,0,563,412,杨丑,412,杨,,上党,上党,男,51,67,43,16,13,190,未发现,在野,40,0,0,184,159,199,0,杨丑,,,,,,9,100,其它,无视,任意,无视,擅长,收集,强欲,慎重,州统一,无视,市场,健康,×,,,0,,0,0,×,×
0,0,0,0,564,116,杨修,116,杨,,洛阳,洛阳,男,10,7,83,79,44,223,未登场,,300,0,0,194,175,219,0,杨修,,,,,,43,129,其它,普通,名声,普通,不擅,读书,普通,慎重,现状维持,努力,宫城,健康,×,,,0,,0,0,×,×
0,0,0,0,565,440,杨秋,440,杨,,安定,安定,男,66,67,61,57,38,289,未登场,,80,0,0,191,172,238,0,杨秋,,,,,,48,81,病死,轻视,实绩,普通,普通,武艺,强欲,慎重,地方统一,适当,宫城,健康,×,,,0,,0,0,×,×
0,0,0,0,566,441,杨松,441,杨,,汉中,汉中,男,2,4,32,37,2,77,未登场,,160,0,0,186,167,215,0,杨松,2567,,,,,13,101,其它,无视,名声,无视,擅长,收集,强欲,慎重,现状维持,普通,宫城,健康,×,,,0,,0,0,×,×
0,0,0,0,567,546,杨任,546,杨,,汉中,汉中,男,71,78,56,43,54,302,未登场,,160,0,0,189,170,215,0,杨任,,,,,,17,96,其它,普通,能力,无视,不擅,武艺,普通,刚胆,州统一,适当,宫城,健康,×,,,0,,0,0,×,×
0,0,0,0,568,442,杨祚,442,杨,,襄平,襄平,男,54,62,37,36,45,234,未登场,,80,0,0,221,202,256,0,杨祚,,,,,,141,79,病死,轻视,任意,普通,普通,收集,普通,慎重,现状维持,适当,宫城,健康,×,,,0,,0,0,×,×
0,0,0,0,569,654,杨肇,654,杨,,河内,河内,男,65,61,67,70,55,318,未登场,,140,0,0,242,223,286,0,杨肇,,,,,,33,137,病死,普通,实绩,普通,不擅,收集,普通,冷静,州统一,普通,宫城,健康,×,,,0,,0,0,×,×
0,0,0,0,570,458,杨柏,458,杨,,汉中,汉中,男,38,57,10,17,14,136,未登场,,160,0,0,189,171,214,0,杨松,2567,,,,,14,15,其它,轻视,任意,无视,普通,收集,强欲,慎重,现状维持,适当,宫城,健康,×,,,0,,0,0,×,×
0,0,0,0,571,651,杨阜,651,杨,,天水,天水,男,68,55,85,81,77,366,未登场,,180,0,0,197,178,239,0,杨阜,,,,,,21,146,病死,重视,实绩,普通,不擅,读书,普通,冷静,地方统一,努力,宫城,健康,×,,,0,,0,0,×,×
0,0,0,0,572,0,杨奉,0,杨,,洛阳,洛阳,男,67,63,34,28,58,250,未发现,在野,180,0,0,184,153,197,0,杨奉,,,,,,92,70,其它,轻视,任意,重视,普通,武艺,强欲,慎重,地方统一,适当,驻所,健康,×,,,0,,0,0,×,×
0,0,0,0,573,722,杨锋,722,杨,,云南,云南,男,54,58,48,40,37,237,未登场,,40,0,0,213,191,252,0,杨锋,,,,,,91,79,病死,轻视,任意,无视,擅长,收集,普通,刚胆,州统一,普通,宫城,健康,×,,,0,,0,0,×,×
0,0,0,0,574,228,雷铜,228,雷,,成都,成都,男,70,75,41,34,50,270,未登场,,160,0,0,191,172,218,0,雷铜,,,,,,59,61,其它,普通,义理,重视,普通,武艺,普通,刚胆,地方统一,普通,宫城,健康,×,,,0,,0,0,×,×
0,0,0,0,575,444,雷薄,444,雷,,汝南,汝南,男,63,71,34,8,7,183,未发现,在野,40,0,0,184,157,206,0,雷薄,,,,,,142,92,病死,无视,任意,无视,不擅,收集,强欲,慎重,州统一,适当,工房,健康,×,,,0,,0,0,×,×
0,0,0,0,576,445,骆统,445,骆,,会稽,会稽,男,75,57,70,75,68,345,未登场,,240,0,0,207,193,228,0,骆统,,,,,,122,14,病死,普通,名声,重视,不擅,收集,无欲,冷静,州统一,努力,宫城,健康,×,,,0,,0,0,×,×
0,0,0,0,577,655,罗宪,655,罗,,襄阳,襄阳,男,86,67,75,68,73,369,未登场,,100,0,0,237,218,270,0,罗宪,,,,,,76,44,病死,重视,义理,普通,不擅,武艺,无欲,冷静,地方统一,努力,宫城,健康,×,,,0,,0,0,×,×
0,0,0,0,578,229,李异,229,李,,武陵,武陵,男,62,77,21,18,17,195,未登场,,60,0,0,206,187,222,0,李异,,,,,,132,49,其它,普通,任意,普通,普通,武艺,普通,莽撞,州统一,普通,宫城,健康,×,,,0,,0,0,×,×
0,0,0,0,579,203,李恢,203,李,,建宁,建宁,男,76,60,77,76,72,361,未登场,,160,0,0,194,175,231,0,李恢,,,,,,66,72,病死,普通,实绩,普通,不擅,收集,无欲,冷静,州统一,努力,宫城,健康,×,,,0,,0,0,×,×
0,0,0,0,580,69,李,69,李,董卓,天水,天水,男,70,74,23,2,10,179,已登场,一般,180,10000,99,184,148,198,177,李,,,,,,1,98,其它,轻视,实绩,无视,擅长,收集,强欲,慎重,中华统一,适当,酒家,健康,×,,,0,,0,0,×,×
0,0,0,0,581,288,陆凯,288,陆,,吴,吴,男,65,59,78,85,73,360,未登场,,400,0,0,217,198,269,0,陆逊,,,,,,122,148,病死,普通,实绩,普通,不擅,读书,普通,冷静,中华统一,努力,宫城,健康,×,,,0,,0,0,×,×
0,0,0,0,582,149,陆抗,149,陆,,吴,吴,男,91,62,89,83,86,411,未登场,,400,0,0,240,226,274,0,陆逊,陆逊,,,,,122,140,病死,重视,能力,普通,擅长,读书,无欲,冷静,中华统一,努力,宫城,健康,×,,,0,,0,0,×,×
0,0,0,0,583,454,陆绩,454,陆,,吴,吴,男,12,7,65,69,39,192,未登场,,400,0,0,206,187,219,0,陆逊,,,,,,121,139,病死,普通,实绩,普通,不擅,读书,普通,慎重,中华统一,普通,宫城,健康,×,,,0,,0,0,×,×
0,0,0,0,584,117,陆逊,117,陆,,吴,吴,男,97,66,95,90,90,438,未登场,,400,0,0,202,183,245,0,陆逊,,,,,,122,149,病死,重视,能力,普通,普通,读书,无欲,冷静,中华统一,努力,宫城,健康,×,,,0,,0,0,×,×
0,0,0,0,585,118,李严,118,李,,宛,宛,男,84,83,80,81,52,380,未登场,,100,0,0,191,172,234,0,李严,,,,,,71,78,病死,普通,能力,普通,擅长,收集,普通,冷静,地方统一,适当,宫城,健康,×,,,0,,0,0,×,×
0,0,0,0,586,119,李儒,119,李,董卓,天水,天水,男,66,29,93,76,35,299,已登场,一般,200,12000,120,184,150,192,179,董卓,,,,,,1,98,其它,普通,能力,无视,普通,收集,普通,冷静,中华统一,适当,农地,健康,×,,,0,,0,0,×,×
0,0,0,0,587,266,李肃,266,李,董卓,天水,天水,男,48,61,64,30,26,229,已登场,一般,160,0,93,184,156,192,184,李肃,,,,,,146,80,其它,无视,任意,重视,擅长,收集,强欲,慎重,现状维持,适当,城墙,健康,×,,,0,,0,0,×,×
0,0,0,0,588,644,李胜,644,李,,宛,宛,男,13,26,32,71,55,197,未登场,,100,0,0,220,201,249,0,李胜,,,,,,19,22,其它,轻视,实绩,普通,普通,收集,强欲,慎重,地方统一,无视,宫城,健康,×,,,0,,0,0,×,×
0,0,0,0,589,657,李堪,657,李,,西平,西平,男,59,67,33,36,34,229,未登场,,60,0,0,195,176,211,0,李堪,,,,,,48,88,其它,普通,任意,普通,不擅,收集,普通,慎重,地方统一,适当,宫城,健康,×,,,0,,0,0,×,×
0,0,0,0,590,658,李通,658,李,,汝南,汝南,男,75,84,52,49,54,314,未登场,,180,0,0,187,168,211,0,李通,,,,,,22,27,其它,普通,任意,普通,普通,武艺,普通,莽撞,地方统一,适当,宫城,健康,×,,,0,,0,0,×,×
0,0,0,0,591,167,李典,167,李,,邺,邺,男,77,77,80,72,61,367,未登场,,160,0,0,189,174,216,0,李典,,,,,,22,133,病死,普通,实绩,普通,普通,武艺,普通,冷静,地方统一,普通,宫城,健康,×,,,0,,0,0,×,×
0,0,0,0,592,455,李丰,455,李,,宛,宛,男,56,50,68,75,66,315,未登场,,100,0,0,220,206,260,0,李严,李严,,,,,71,63,病死,普通,任意,普通,不擅,收集,普通,冷静,现状维持,努力,宫城,健康,×,,,0,,0,0,×,×
0,0,0,0,593,652,李丰,652,李,,长安,长安,男,23,25,71,72,66,257,未登场,,180,0,0,223,204,254,0,李丰,,,,,,20,105,其它,普通,名声,普通,普通,读书,普通,慎重,现状维持,努力,宫城,健康,×,,,0,,0,0,×,×
0,0,0,0,594,723,李丰,723,李,,濮阳,濮阳,男,72,77,50,24,53,276,未发现,在野,160,0,0,184,158,199,0,李丰,,,,,,138,43,其它,普通,任意,普通,不擅,收集,普通,刚胆,地方统一,普通,酒家,健康,×,,,0,,0,0,×,×
0,0,0,0,595,70,刘焉,70,刘,刘焉,蓟,蓟,男,54,40,79,81,85,339,已登场,君主,460,0,100,184,132,194,151,刘焉,,,,,,55,83,病死,普通,名声,重视,擅长,收集,强欲,冷静,地方统一,普通,宫城,健康,×,,,0,,0,0,×,×
0,0,0,0,596,544,刘Y,544,刘,,成都,成都,男,75,72,66,49,63,325,未登场,,160,0,0,189,165,214,0,刘Y,,,,,,55,84,其它,普通,实绩,普通,普通,收集,普通,刚胆,州统一,普通,宫城,健康,×,,,0,,0,0,×,×
0,0,0,0,597,120,刘琦,120,刘,,濮阳,濮阳,男,41,9,54,73,73,250,未登场,,260,0,0,188,174,209,0,刘表,刘表,,,,,76,9,病死,重视,名声,重视,不擅,收集,无欲,慎重,现状维持,普通,宫城,健康,×,,,0,,0,0,×,×
0,0,0,0,598,459,刘虞,459,刘,何进,长安,长安,男,49,34,70,79,92,324,已登场,太守,560,20000,99,184,145,193,164,刘虞,,,,,,96,142,其它,重视,名声,重视,不擅,读书,无欲,刚胆,州统一,努力,宫城,健康,×,,,0,,0,0,×,×
0,0,0,0,599,487,刘勋,487,刘,,小沛,小沛,男,51,64,50,47,54,266,未发现,在野,200,0,0,184,163,216,0,刘勋,,,,,,138,142,病死,轻视,任意,普通,普通,收集,强欲,慎重,州统一,适当,酒家,健康,×,,,0,,0,0,×,×
0,0,0,0,600,446,刘贤,446,刘,,零陵,零陵,男,52,61,56,43,51,263,未登场,,160,0,0,202,188,252,0,刘度,刘度,,,,,134,112,病死,普通,任意,普通,普通,收集,普通,刚胆,地方统一,普通,宫城,健康,×,,,0,,0,0,×,×
0,0,0,0,601,557,留赞,557,留,,会稽,会稽,男,74,75,66,55,65,335,未登场,,140,0,0,202,172,255,0,留赞,,,,,,129,33,其它,普通,能力,普通,擅长,武艺,无欲,刚胆,中华统一,普通,宫城,健康,×,,,0,,0,0,×,×
0,0,0,0,602,175,刘循,175,刘,,蓟,蓟,男,47,57,46,37,65,252,未登场,,240,0,0,198,184,239,0,刘焉,刘璋,,,,,55,83,病死,普通,实绩,普通,普通,武艺,普通,莽撞,州统一,普通,宫城,健康,×,,,0,,0,0,×,×
0,0,0,0,603,71,刘璋,71,刘,刘焉,蓟,蓟,男,18,15,10,45,75,163,已登场,一般,280,3000,120,184,162,219,181,刘焉,刘焉,,,,,55,83,病死,普通,名声,普通,擅长,收集,无欲,慎重,州统一,适当,工房,健康,×,,,0,,0,0,×,×
0,0,0,0,604,555,刘劭,555,刘,,邺,邺,男,66,51,73,82,65,337,未登场,,160,0,0,212,195,264,0,刘劭,,,,,,28,19,病死,普通,实绩,普通,不擅,读书,普通,冷静,现状维持,普通,宫城,健康,×,,,0,,0,0,×,×
0,0,0,0,605,653,刘丞,653,刘,,吴,吴,男,46,69,29,35,55,234,未登场,,140,0,0,234,215,258,0,刘丞,,,,,,128,1,其它,普通,任意,普通,不擅,武艺,普通,莽撞,现状维持,普通,宫城,健康,×,,,0,,0,0,×,×
0,0,0,0,606,282,刘谌,282,刘,,蓟,蓟,男,45,58,65,62,75,305,未登场,,100,0,0,252,238,263,0,刘备,刘禅,,,,,75,41,其它,义士,义理,重视,不擅,收集,无欲,刚胆,中华统一,努力,宫城,健康,×,,,0,,0,0,×,×
0,0,0,0,607,662,刘v,662,刘,,蓟,蓟,男,9,21,39,44,55,168,未登场,,100,0,0,238,224,264,0,刘备,刘禅,,,,,78,113,其它,普通,名声,重视,擅长,收集,强欲,慎重,现状维持,适当,宫城,健康,×,,,0,,0,0,×,×
0,0,0,0,608,72,刘禅,72,刘,,蓟,蓟,男,3,5,9,4,64,85,未登场,,100,0,0,221,207,271,0,刘备,刘备,,,,,78,113,病死,普通,名声,重视,擅长,收集,强欲,慎重,中华统一,适当,宫城,健康,×,,,0,,0,0,×,×
0,0,0,0,609,193,刘琮,193,刘,,濮阳,濮阳,男,16,20,66,56,63,221,未登场,,240,0,0,207,195,208,0,刘表,刘表,,,,,45,109,其它,普通,名声,重视,不擅,收集,无欲,慎重,现状维持,普通,宫城,健康,×,,,0,,0,0,×,×
0,0,0,0,610,447,刘岱,447,刘,何进,陈留,陈留,男,53,63,34,52,37,239,已登场,一般,280,7000,92,184,147,202,166,刘岱,2611,,,,,36,107,病死,普通,任意,重视,普通,武艺,普通,慎重,州统一,适当,城墙,健康,×,,,0,,0,0,×,×
0,0,0,0,611,73,刘度,73,刘,,零陵,零陵,男,25,15,23,51,52,166,未登场,,100,0,0,187,168,214,0,刘度,,,,,,134,112,病死,普通,实绩,普通,普通,收集,普通,慎重,州统一,适当,宫城,健康,×,,,0,,0,0,×,×
0,0,0,0,612,448,刘巴,448,刘,,零陵,零陵,男,13,22,74,78,58,245,未登场,,180,0,0,205,186,222,0,刘巴,,,,,,56,118,病死,普通,义理,重视,不擅,读书,无欲,慎重,州统一,努力,宫城,健康,×,,,0,,0,0,×,×
0,0,0,0,613,724,刘磐,724,刘,,濮阳,濮阳,男,74,79,48,46,53,300,未登场,,200,0,0,188,168,210,0,刘表,,,,,,45,106,病死,普通,实绩,普通,普通,武艺,普通,刚胆,地方统一,适当,宫城,健康,×,,,0,,0,0,×,×
0,0,0,0,614,36,刘备,36,刘,刘备,,刘备,男,78,72,73,78,99,400,已登场,君主,160,0,100,184,161,223,184,刘备,,,,刘备,,75,40,病死,义士,能力,重视,擅长,收集,普通,刚胆,中华统一,适当,野外,健康,×,,,0,,0,0,×,×
0,0,0,0,615,74,刘表,74,刘,何进,长安,长安,男,53,31,71,84,83,322,已登场,一般,500,13000,96,184,142,208,161,刘表,,,,,,45,112,病死,普通,名声,重视,擅长,读书,普通,慎重,地方统一,普通,城墙,健康,×,,,0,,0,0,×,×
0,0,0,0,616,725,刘豹,725,刘,,上党,上党,男,62,67,48,52,63,292,未登场,,180,0,0,192,173,229,0,於夫罗,於夫罗,,,,,27,70,病死,普通,任意,普通,普通,收集,无欲,刚胆,地方统一,普通,宫城,健康,×,,,0,,0,0,×,×
0,0,0,0,617,726,刘馥,726,刘,,陈留,陈留,男,54,50,73,87,84,348,未发现,在野,160,0,0,184,164,208,0,刘馥,,,,,,29,45,病死,重视,能力,普通,普通,收集,普通,刚胆,地方统一,努力,酒家,健康,×,,,0,,0,0,×,×
0,0,0,0,618,616,留平,616,留,,会稽,会稽,男,65,70,67,57,62,321,未登场,,120,0,0,232,218,272,0,留赞,留赞,,,,,129,33,其它,重视,义理,普通,不擅,收集,普通,刚胆,地方统一,普通,宫城,健康,×,,,0,,0,0,×,×
0,0,0,0,619,257,刘辟,257,刘,张梁,宛,宛,男,74,68,51,34,55,282,已登场,一般,80,5000,96,184,145,201,184,刘辟,,,,,,74,66,其它,普通,义理,普通,普通,武艺,普通,刚胆,州统一,适当,市场,健康,×,,,0,,0,0,×,×
0,0,0,0,620,194,刘封,194,刘,,长沙,长沙,男,77,79,48,58,77,339,未登场,,200,0,0,206,188,220,0,刘封,,,,,,75,48,其它,普通,实绩,重视,普通,武艺,普通,刚胆,中华统一,适当,宫城,健康,×,,,0,,0,0,×,×
0,0,0,0,621,168,刘晔,168,刘,,寿春,寿春,男,39,23,93,75,71,301,未登场,,400,0,0,193,176,235,0,刘晔,,,,,,27,148,病死,普通,实绩,普通,不擅,读书,普通,冷静,中华统一,努力,宫城,健康,×,,,0,,0,0,×,×
0,0,0,0,622,75,刘繇,75,刘,,北海,北海,男,64,65,37,73,64,303,已登场,在野,400,0,0,184,156,195,0,刘岱,2611,,,,,11,148,病死,普通,名声,重视,不擅,收集,普通,莽撞,州统一,普通,市场,健康,×,,,0,,0,0,×,×
0,0,0,0,623,423,留略,423,留,,会稽,会稽,男,72,68,59,49,52,300,未登场,,100,0,0,220,206,260,0,留赞,留赞,,,,,129,33,病死,普通,任意,普通,普通,武艺,普通,刚胆,地方统一,普通,宫城,健康,×,,,0,,0,0,×,×
0,0,0,0,624,449,吕威璜,449,吕,,南皮,南皮,男,61,60,28,39,40,228,未登场,,80,0,0,188,159,200,0,吕威璜,,,,,,105,59,其它,普通,任意,重视,不擅,武艺,普通,冷静,州统一,适当,宫城,健康,×,,,0,,0,0,×,×
0,0,0,0,625,121,廖化,121,廖,张梁,宛,宛,男,70,71,64,49,65,319,已登场,一般,60,500,92,184,170,264,184,廖化,,,,,,74,32,病死,义士,义理,普通,普通,收集,普通,莽撞,地方统一,适当,酒家,健康,×,,,0,,0,0,×,×
0,0,0,0,626,450,梁兴,450,梁,,西平,西平,男,58,65,22,21,27,193,未登场,,100,0,0,188,169,211,0,梁兴,,,,,,48,80,其它,轻视,任意,无视,普通,收集,普通,莽撞,地方统一,适当,宫城,健康,×,,,0,,0,0,×,×
0,0,0,0,627,727,梁纲,727,梁,,宛,宛,男,62,70,42,27,53,254,未发现,在野,160,0,0,184,160,199,0,梁纲,,,,,,138,105,其它,普通,实绩,普通,普通,收集,强欲,莽撞,地方统一,普通,农地,健康,×,,,0,,0,0,×,×
0,0,0,0,628,728,梁习,728,梁,,陈留,陈留,男,67,49,73,90,84,363,未登场,,160,0,0,187,168,230,0,梁习,,,,,,34,67,病死,重视,能力,普通,不擅,读书,无欲,冷静,地方统一,努力,宫城,健康,×,,,0,,0,0,×,×
0,0,0,0,629,645,梁绪,645,梁,,天水,天水,男,56,62,66,67,60,311,未登场,,120,0,0,217,198,260,0,梁绪,,,,,,72,17,病死,普通,任意,普通,普通,收集,普通,莽撞,州统一,普通,宫城,健康,×,,,0,,0,0,×,×
0,0,0,0,630,291,凌操,291,凌,,吴,吴,男,75,79,42,36,54,286,未发现,在野,160,0,0,184,165,203,0,凌操,,,,,,127,29,其它,普通,义理,普通,普通,武艺,普通,莽撞,地方统一,适当,酒家,健康,×,,,0,,0,0,×,×
0,0,0,0,631,122,凌统,122,凌,,吴,吴,男,77,88,56,50,71,342,未登场,,140,0,0,203,189,237,0,凌操,凌操,,,,,127,15,病死,义士,义理,普通,普通,武艺,普通,莽撞,中华统一,适当,宫城,健康,×,,,0,,0,0,×,×
0,0,0,0,632,716,廖立,716,廖,,武陵,武陵,男,14,19,68,79,25,205,未登场,,100,0,0,200,181,250,0,廖立,,,,,,71,82,病死,普通,能力,普通,擅长,读书,普通,冷静,地方统一,普通,宫城,健康,×,,,0,,0,0,×,×
0,0,0,0,633,232,吕凯,232,吕,,永昌,永昌,男,55,30,70,77,73,305,未登场,,80,0,0,213,194,227,0,吕凯,,,,,,71,6,其它,重视,实绩,普通,不擅,读书,普通,冷静,州统一,努力,宫城,健康,×,,,0,,0,0,×,×
0,0,0,0,634,549,吕据,549,吕,,汝南,汝南,男,71,58,69,59,63,320,未登场,,240,0,0,210,196,256,0,吕范,吕范,,,,,123,38,其它,普通,实绩,普通,普通,武艺,普通,刚胆,地方统一,普通,宫城,健康,×,,,0,,0,0,×,×
0,0,0,0,635,452,吕虔,452,吕,,濮阳,濮阳,男,58,70,61,70,58,317,未登场,,140,0,0,192,173,238,0,吕虔,,,,,,29,136,病死,普通,任意,普通,普通,收集,普通,刚胆,地方统一,普通,宫城,健康,×,,,0,,0,0,×,×
0,0,0,0,636,234,吕旷,234,吕,,邺,邺,男,55,63,17,29,24,188,未发现,在野,140,0,0,184,162,207,0,吕旷,2636,,,,,107,57,其它,轻视,名声,普通,普通,收集,强欲,莽撞,州统一,适当,酒家,健康,×,,,0,,0,0,×,×
0,0,0,0,637,453,吕翔,453,吕,,邺,邺,男,56,69,13,19,22,179,未发现,在野,140,0,0,184,164,207,0,吕旷,2636,,,,,107,57,其它,轻视,名声,普通,普通,武艺,强欲,慎重,现状维持,适当,农地,健康,×,,,0,,0,0,×,×
0,0,0,0,638,141,吕岱,141,吕,,下邳,下邳,男,83,72,70,69,56,350,未发现,在野,180,0,0,184,161,256,0,吕岱,,,,,,130,11,病死,普通,实绩,普通,不擅,武艺,无欲,刚胆,地方统一,普通,农地,健康,×,,,0,,0,0,×,×
0,0,0,0,639,233,吕范,233,吕,,汝南,汝南,男,73,55,74,73,67,342,未登场,,200,0,0,188,169,228,0,吕范,,,,,,123,49,病死,普通,任意,重视,擅长,读书,普通,刚胆,地方统一,努力,宫城,健康,×,,,0,,0,0,×,×
0,0,0,0,640,3,吕布,3,吕,丁原,晋阳,晋阳,男,95,100,26,13,32,266,已登场,一般,120,0,95,184,156,198,184,吕布,丁原,,,,,145,75,其它,无视,能力,无视,擅长,武艺,强欲,莽撞,中华统一,无视,工房,健康,×,,,0,,0,0,×,×
0,0,0,0,641,30,吕蒙,30,吕,,汝南,汝南,男,83,81,40,38,82,324,未登场,,80,0,0,193,178,219,0,吕蒙,,,,,,124,36,病死,普通,能力,普通,普通,读书,无欲,刚胆,中华统一,适当,宫城,健康,×,,,0,,0,0,×,×
0,0,0,0,642,456,伦直,456,伦,,襄平,襄平,男,47,39,74,63,62,285,未登场,,160,0,0,216,197,237,0,伦直,,,,,,136,141,其它,重视,实绩,普通,普通,读书,无欲,冷静,现状维持,努力,宫城,健康,×,,,0,,0,0,×,×
0,0,0,0,643,545,冷苞,545,冷,,成都,成都,男,70,82,69,38,21,280,未登场,,160,0,0,210,176,214,0,冷苞,,,,,,54,90,其它,轻视,实绩,普通,普通,收集,强欲,莽撞,地方统一,适当,宫城,健康,×,,,0,,0,0,×,×
0,0,0,0,644,729,娄圭,729,娄,,宛,宛,男,54,19,88,69,8,238,已登场,在野,260,0,0,184,143,212,0,娄圭,,,,,,42,99,其它,轻视,能力,无视,普通,收集,强欲,冷静,中华统一,无视,酒家,健康,×,,,0,,0,0,×,×
0,0,0,0,645,617,楼玄,617,楼,,小沛,小沛,男,23,20,68,75,80,266,未登场,,400,0,0,242,223,275,0,楼玄,,,,,,130,11,其它,重视,任意,普通,普通,读书,普通,冷静,现状维持,适当,宫城,健康,×,,,0,,0,0,×,×
0,0,0,0,646,730,楼班,730,楼,,襄平,襄平,男,65,76,39,31,59,270,未登场,,160,0,0,198,178,207,0,丘力居,丘力居,,,,,6,96,其它,普通,任意,普通,普通,收集,强欲,莽撞,地方统一,普通,宫城,健康,×,,,0,,0,0,×,×
0,0,0,0,647,123,鲁肃,123,鲁,,庐江,庐江,男,78,59,94,93,89,413,未登场,,400,0,0,191,172,217,0,鲁肃,,,,,,124,36,病死,重视,能力,普通,擅长,读书,普通,冷静,中华统一,普通,宫城,健康,×,,,0,,0,0,×,×
0,0,0,0,648,663,鲁淑,663,鲁,,庐江,庐江,男,70,55,76,77,73,351,未登场,,400,0,0,226,208,274,0,鲁肃,鲁肃,,,,,124,36,病死,重视,实绩,普通,不擅,收集,无欲,冷静,地方统一,普通,宫城,健康,×,,,0,,0,0,×,×
0,0,0,0,649,200,卢植,200,卢,何进,河内,河内,男,88,47,82,83,85,385,已登场,太守,560,35000,150,184,139,192,158,卢植,,,,,,75,42,病死,重视,实绩,重视,不擅,读书,无欲,冷静,中华统一,努力,宫城,健康,×,,,0,,0,0,×,×
